Motifname	numhits	deeplift-RC_multiref10	deeplift-RS_gcref	deeplift-RS_multiref10	deeplift-RS_zeroref	gradtimesinp	ig10_gcref	ig10_multiref10	ig10_zeroref	ism
TSGGAAMG	1775	0.7223725930133899	0.7098577461392888	0.7243529039077922	0.7099183299431487	0.6617983596131259	0.7006741837724241	0.6771241855431143	0.7012871666675561	0.7016636649019596
CAGTCATK	1649	0.8355876858472063	0.8046332755702159	0.8367236132898852	0.8056787620251955	0.7911343832263643	0.8167531282286272	0.824927417342391	0.8206458943219231	0.8214070887361671
AAAACGMG	1387	0.6960827287229601	0.7034973875909944	0.6977253688720721	0.7058338855188802	0.62364627914768	0.7014662304940966	0.6818079151211244	0.7039348084400191	0.7147709325422422
SCYYTARR	1287	0.7810942755144181	0.769323517961275	0.7828454537613081	0.7695276770363739	0.7239797566047006	0.7785331114921581	0.7747514998539694	0.7716690096051513	0.7752879603738971
VACWTTCC	1244	0.788982179387177	0.7570531033374485	0.7911435850301403	0.763792933598235	0.7316543360183438	0.7598304922561233	0.7589078781955958	0.7579555496389906	0.7889000021374946
VGGAGGAR	1172	0.7164296065827882	0.7054765854883973	0.7186617552651926	0.7061849532408043	0.6801524280538012	0.6963125695851101	0.6672433210931328	0.6978482823300166	0.7501984266697105
GBTTTCTCTCCS	1031	0.610703265090106	0.6188379514148632	0.6118301271354526	0.6158643112216957	0.5336150626847835	0.5880573129157426	0.5610646259357095	0.5844082681199894	0.6100800447768912
RCCGGAARYG	1024	0.7681763223755411	0.7751378663992071	0.769690737479926	0.7737974472790501	0.6244226865367869	0.7554413103650754	0.7235284573364211	0.7571184328524297	0.764750928907935
ACAAATCC	958	0.7392260063722751	0.7072915227772989	0.7400511274802333	0.7081673276978676	0.6650902144539721	0.6952773846649342	0.6923136741597118	0.6891779327921931	0.7386699117921172
BCGCGGAR	951	0.6076660399821329	0.7498809487720616	0.6075536438592685	0.753354917242546	0.5187356510049136	0.746768119804785	0.6521541588177172	0.7612505483897127	0.61805774660931
CCGGAAAT	875	0.8018767569908134	0.8003581461489635	0.8036701763018437	0.8044714044609336	0.6695232085656224	0.7821192633013665	0.7391372339849728	0.7831663633992846	0.7828871697723281
NAACAGGAARTB	843	0.7606550673726195	0.6944322555368194	0.762266650989144	0.6916807352948766	0.6488275310644078	0.6840026199121656	0.6821839785875384	0.6760151252857692	0.7721148720929507
CCAAWCGS	800	0.7460215487548651	0.8118331166259085	0.7464759799194021	0.814605681465918	0.6454992723797058	0.8107371439396549	0.7626238160024799	0.8102860882444116	0.683594164399132
STTAVTCABH	786	0.9091029410121587	0.885780265848804	0.9097634332798086	0.8842635331082348	0.8687484742951377	0.8863755202300716	0.89644421490026	0.8840117560260383	0.8857882262626579
AGAGGGCGCT	751	0.725177706858047	0.7986866244780424	0.7259403067680203	0.7998872145708622	0.6405438272303957	0.7814497839196091	0.7426374757782344	0.7940052683405633	0.7235218852739579
GGRAGTGTTT	742	0.7832609417362917	0.7408925354756153	0.784629556649381	0.7409028865423961	0.7180101326697275	0.7424258212233171	0.7499458973787292	0.7371022152997633	0.7745553913604518
TTAACCGC	715	0.701964747614181	0.7147717126327673	0.7024987240225073	0.7153830931235954	0.640761525527137	0.7075760859537942	0.6987081062085367	0.7116295491096579	0.688415709251999
CGCGCBCT	695	0.6685303624974508	0.7806501606829439	0.6677197592320523	0.7889672654808334	0.5872537204624755	0.7650678426707193	0.706615572901786	0.7900473710515967	0.6714132293517647
NMAABRTTTVYH	684	0.7187671818685555	0.6829829279472451	0.7187111244657751	0.6817376208548558	0.6492548656906012	0.6511428915330512	0.6589986870638468	0.639988170853461	0.7205266997232918
TTCGCTCCGS	659	0.65390136502281	0.7268237303114193	0.6551123659645859	0.7296323938107677	0.5934924877726777	0.7249133903644648	0.6576721060053577	0.7395479989341656	0.6506310844506547
TGASTCAB	657	0.9639974057757505	0.9462942787876767	0.9644714058389758	0.947749401418561	0.9342729978026894	0.9509398767926972	0.9567088907017631	0.951409441657242	0.9619404696728612
CGGCGGCG	632	0.6080670969350895	0.7256950733059325	0.6076147199585631	0.7362563802342772	0.6069477355972492	0.7224917564342976	0.6705233993879509	0.7410927743942184	0.659010932343684
SGACCGAA	627	0.7040740913477382	0.7404189952466234	0.7062185795177472	0.7432563483965972	0.614588607332436	0.7419024526399618	0.6923659822615095	0.7567403335949835	0.6852144710652361
NNCRAABCCG	624	0.6883002439118031	0.7386889108999324	0.6890327290192881	0.7440490426041502	0.6143052984450834	0.7261160161025753	0.6729238752088215	0.738109386630892	0.6767556542422134
NNCCGCTTMCSN	622	0.6267557552157612	0.6879897303643374	0.6275146404697713	0.6857955700686026	0.5362184873217805	0.6747694298417879	0.6193127778630175	0.6774937536036902	0.6124090162158262
SCGCSGCGSV	621	0.5628386176799246	0.6962898287374939	0.5607921356583764	0.6980736544135848	0.505174146984962	0.6866756095627322	0.6089932323374742	0.7011222020312459	0.6065151216571922
BBCGKGGAAANK	613	0.6112931544615612	0.6642414871535259	0.6130345764141081	0.6611953045375977	0.5601844157318177	0.644445237149001	0.5776601023223549	0.653980883899531	0.6021403835368141
GACGTCAC	594	0.7690756982562859	0.8057461954647915	0.7699330704721122	0.8068919310558136	0.6908653754157147	0.7642965435477406	0.7494069328516337	0.776704089541206	0.7539547938077198
CGRCGCGCGS	585	0.5691917733136371	0.6767218643562729	0.568471678328309	0.6813489245388887	0.5253935895512956	0.6934520941689402	0.6066187894144883	0.7084132646856661	0.5942543849353885
YTCCTCCCCC	575	0.7236854081454362	0.7623399357901461	0.7256228956228956	0.7625371999565548	0.6434834284203148	0.7075760881370978	0.6824299968900249	0.7134304643982065	0.7294517606439065
CGCVYGCGCG	550	0.5673870389412912	0.7407557772953668	0.5641861993768152	0.7511797559451519	0.5063005632360471	0.7274033167874809	0.6501601477701184	0.7487368306723146	0.6027835681208116
GWGTGTGTGTGT	538	0.7388982634540853	0.6596355019009558	0.7389190809861755	0.6570423307789582	0.6765894900237255	0.6524113229967087	0.6844194639832987	0.6478798886206822	0.7287891756887339
TTCCNGGAAN	527	0.7168006178075346	0.6819960433536978	0.7194251869069767	0.6830687477379036	0.6416163002898634	0.6727206570200999	0.6422290407875277	0.6733638409588706	0.6950770732829863
CTAGCGGC	525	0.8530462511460686	0.8480006035824588	0.8538003421394046	0.8483368908614664	0.7769647937568579	0.8683803291164569	0.8521059943282931	0.8679996785267341	0.8192145555222055
CTGTTTRC	492	0.8360423686643095	0.7964526489201103	0.8373139662492275	0.8010295545383037	0.7894239495903036	0.7950191525819092	0.7925495070229867	0.7971148894487601	0.8388567228936851
CTCTCGCG	483	0.7051141561694021	0.7799403605763384	0.7052043084548824	0.7832218909317084	0.6073281856249962	0.800342481700876	0.7378985532205482	0.8103302524527847	0.6568929380638395
NSBSTCGCGVNC	464	0.5904549487515341	0.7315342791896645	0.5895609643459856	0.7258765609212674	0.4807230817523288	0.7314900991530687	0.6340937540103762	0.7441257025877883	0.595171000559118
ATGACTCA	446	0.9879972055920901	0.9779947404831891	0.9882519257891013	0.97901821632072	0.9604187379785396	0.9782159284031053	0.9798172683967632	0.9799168998815172	0.9842867842206463
DGGAAWTTSC	434	0.7929312056337476	0.7479022637339867	0.7947083762083018	0.7550526233259993	0.7175846915143778	0.7472100434788113	0.7402705014567657	0.7410423223935934	0.7562233325203446
ATGACTCATC	431	0.9872378901081843	0.9774310297474731	0.9875982984657485	0.9775847691797097	0.9480320758668187	0.9704480266938167	0.9721418604735723	0.9733069753277822	0.9802666321639453
GGGGCGGRVCSG	423	0.690254415621532	0.7839397446273185	0.6917102971598945	0.7860869336777263	0.5758160650509991	0.7337098953351443	0.6950242154349032	0.7269804460296035	0.7046205075441482
NNATGASTCATN	407	0.9896076776722559	0.9782617981559152	0.989739547350541	0.977809682743899	0.9409461672491743	0.9708704635145675	0.9756676563850748	0.9735386162971646	0.9808684325047262
TTGCGTAA	399	0.7889837223513784	0.790927591081862	0.7902915764249601	0.7893455524251333	0.6896614318491783	0.8036151585176561	0.7732278721465254	0.7851112816312127	0.7672186355738828
GGGGCGKA	398	0.7179196883393997	0.8227064696956349	0.7200163061717847	0.8277308856825027	0.6230092268942965	0.7716205108482516	0.7239203889803442	0.7686683685364444	0.718917997835421
GGCGGCGC	389	0.6737545973082487	0.7966946043226939	0.6735585877501153	0.8023558246856228	0.5985798803365057	0.7722877530461968	0.7277705442357632	0.7813109928893077	0.7003685461371543
GGGCGGGGCC	381	0.743005303711425	0.8275968395771969	0.7451218524370671	0.8332691510661201	0.6238882896236212	0.784876515720644	0.7528454511775144	0.7796972388878239	0.7512071132848375
GCGCGGCGCCGC	356	0.5229554818986533	0.6426435051515224	0.5214248522253897	0.6425961798773671	0.47490502797847634	0.6442138404475928	0.576505839425946	0.6538381349488598	0.5556652218204434
CCACYAGRKGGC	353	0.9852465066386105	0.987679531148678	0.9852451702198988	0.9876995526808585	0.8432257108745234	0.9789022052839125	0.9764731034102485	0.9793556967000704	0.9415575187931406
GGGAAAAAAA	339	0.6402888890994324	0.6216066958525803	0.6421269800991944	0.6205658325983762	0.5604023253894793	0.5972321257790855	0.5933726106910996	0.5877945567259488	0.6709224498976141
TGWGTAAACA	334	0.8718378654876627	0.804985093351908	0.8727485911665939	0.807859714634874	0.8130435005797185	0.7876271615406247	0.7837534561747427	0.787044005365427	0.8769310515495565
GCCGCCGCCGCN	312	0.572163153810761	0.684079294400263	0.5707325140104307	0.6786865834530643	0.5140077145290485	0.675358812178916	0.6122985461588191	0.6869497302300493	0.6070833736543422
GTTGCCANRB	294	0.7100964871976503	0.7459911085103098	0.7118770967245841	0.7451932541081103	0.6215581338743507	0.7191534824297606	0.6923613228748187	0.7180090348293113	0.6864616387603002
TVTGCGCA	285	0.6443595883933647	0.7714131831835642	0.6452253787432449	0.7704360011384506	0.5100187264220207	0.7833052165080148	0.6752907913016102	0.7757612541324723	0.6251826203817676
CACTAGRGGG	278	0.9827736609762602	0.9816075222492023	0.9827206660868764	0.9824904215714149	0.8426582710929427	0.9837045040688578	0.9797909473008104	0.9842864990230968	0.9439691369373429
GGGGGCGGGGCC	245	0.7536744535495257	0.8462476336436413	0.7559047388458991	0.8466497136481486	0.6009811664955675	0.7865693297394787	0.7467375393887572	0.7737474491133094	0.7335571707060682
GTGTTTGT	244	0.844635866591606	0.7754275095665588	0.8448752917115797	0.7753727386529631	0.8165158160894358	0.7649515277414676	0.7680698842978566	0.7594074125938093	0.8490985526362596
CGTCACTTCCGG	234	0.787659617060924	0.8169137971175258	0.7895128527696277	0.8179948481697474	0.6837042156809598	0.787059935387823	0.7628842424152822	0.7940076185799808	0.7577256546601155
KCTCGCGCGA	212	0.6679062382805536	0.7703517839321248	0.6676420612817447	0.7719549602918441	0.5334560462755837	0.78828992911464	0.6763733873822126	0.7980066218806329	0.6027519529117217
SSGCGCSSGCGC	202	0.5134735629050124	0.7466771662751515	0.510855313861196	0.7544351446484261	0.40304903544361737	0.7138434725655922	0.6077474170634438	0.7274739630411244	0.5635974874635263
ATTKCACAAC	161	0.7975363109103842	0.7731122851339239	0.7994217634069367	0.7727386929951545	0.7187875887034372	0.7395369866818473	0.7296391320634958	0.7237565858082787	0.7798958760689876
TGACGTCAYY	147	0.8574413582094074	0.8865871955075378	0.8597025460093268	0.8881535608548995	0.729371180270895	0.8141604979436887	0.8061505785885861	0.8238382445097391	0.8358064431687429
CCRCTAGGKG	146	0.963716080485855	0.9684693078970588	0.9642187079217569	0.9685441254707715	0.8562897348801016	0.9678965655545416	0.9590597227031165	0.9626080577251589	0.9205437367169581
NRGTSACGTSAC	146	0.7440275978342794	0.7849892436804229	0.7433795618918007	0.7835729889523934	0.6581067082430889	0.7012784079689632	0.7207156865866013	0.7229339979880369	0.7508991423905502
YBSYSATTGGCY	138	0.7828029499044966	0.8887515677714058	0.7813594163902097	0.8890973764249215	0.5229425762019834	0.8468184464369776	0.7970398209505664	0.8198285320848391	0.6210262866487536
CCCCTAGTGGCC	134	0.9503548730236262	0.9453277985693984	0.9508250967308027	0.9425679358349518	0.831557946816509	0.9383871662601501	0.9282952364659675	0.9294051600018881	0.907122978054358
CGGCCAATCR	122	0.775542562692219	0.9110282650737437	0.7728973144097417	0.9130617702801732	0.5283231638995785	0.8659777752850201	0.8251958786067723	0.8442491953861601	0.6012205228228495
CYAGGGGGCGCT	116	0.9036180823457891	0.9155155317917021	0.9034427931317658	0.9131356276852575	0.7948012871763758	0.9068392240550875	0.890375066952572	0.9059796102682501	0.8804663875495027
CCGCCCTCCSGC	104	0.5637644416413876	0.6333653913355528	0.5606239390534509	0.6379471599897315	0.5684993881286885	0.6445051200961253	0.5736666094332344	0.6572433668580122	0.5952435153737288
TTAATGATTAAC	58	0.8879003070931466	0.8392447659506783	0.8879777280650121	0.8417743531131364	0.8779377041337979	0.8515946912710717	0.8487105341324062	0.8459830264309776	0.8933292644646174
CGGAGCCGAGCC	43	0.4541034628338912	0.5364137781951297	0.4534584048314946	0.5272846329101888	0.4410258514867216	0.5761194854651671	0.4877370918306604	0.5798721992800543	0.5961782497412658
AAGATGGCGGCS	30	0.7647607149721314	0.8526898817116001	0.7583914291871241	0.8588043611203328	0.4856251346833703	0.7533561639846476	0.7095210222540609	0.7518817814897	0.6460171579333601
GGGARWYGTAGT	24	0.7527144159255441	0.8575996365733056	0.7642651529711879	0.866762473864146	0.44736282680737804	0.7521243571599135	0.7529615781105305	0.7534551744622857	0.6217319262197217
GTCACGTGAC	22	0.7531215661714196	0.8842005447577295	0.7435214806915686	0.8839390624581241	0.5476306847274589	0.7146859602871333	0.7474218515274234	0.7695013252198003	0.7277505539968884
CCGCCATCTT	14	0.6921957117809652	0.817680314224093	0.6880894749558344	0.8143454514422256	0.3439940329341251	0.68673070401181	0.6774792028248249	0.6870160902418967	0.5514543060626009
CGCCATGGCGAC	7	0.6427335877653002	0.6958541650546264	0.6402637339596786	0.7134757420169682	0.5402302867226949	0.6165424043571266	0.5766690545664215	0.6438805284663444	0.6348310540122957
