TSGGAAMG	1775	0.012227465298109048	0.02735673636619679	0.02659740955178795	0.027513772630357137	0.026244723625226982	0.02218098892489734	0.024987104507721215	0.022452680091800976	0.024484890056520485	0.025676857997198044
CAGTCATK	1649	0.011359487479764407	0.15703125516537345	0.15951944649238267	0.15894324951262612	0.1543233194688819	0.09506338291127102	0.10968852051137913	0.13356417736668308	0.12590682985668175	0.1542366924603981
AAAACGMG	1387	0.009554644714635071	0.0177234828021086	0.019473623537192574	0.017797079558188645	0.01966830682453008	0.01413548102291909	0.01792561637956187	0.016881710984746712	0.01797213602125247	0.019502486976059677
SCYYTARR	1287	0.00886577343023456	0.06376010038574738	0.06878345152339344	0.06438137009573049	0.06095386455580306	0.024479127581102197	0.05215034085420176	0.04572896736237263	0.04184065286723108	0.045731109941077014
VACWTTCC	1244	0.008569558777942342	0.03284430311790438	0.025021101115438336	0.03296957776272158	0.02589321315340342	0.02646303650343855	0.023730912764441094	0.02452987245853263	0.023926196442545317	0.03408059883411168
VGGAGGAR	1172	0.008073571453173974	0.024775783956599767	0.026596510886297615	0.024952275564424684	0.02633800785643848	0.020621383013125025	0.01835005687081301	0.01731691960931044	0.019202670295589253	0.028978560663050483
GBTTTCTCTCCS	1031	0.0090070413922038	0.013996922213678018	0.014384453428832163	0.01397636885949666	0.01417875390913436	0.01069573325548911	0.01239021698050653	0.011136404900128561	0.012352545783383498	0.013389430792721195
RCCGGAARYG	1024	0.007944266008782138	0.025471308168776182	0.029216026437406083	0.025429720512089873	0.02826877539687092	0.013140139342541182	0.02217926894971573	0.018265931038777057	0.022814656341868116	0.027377715612460423
ACAAATCC	958	0.006599386904556884	0.01786817999869761	0.01585690769889288	0.017913634723200463	0.01566690453778526	0.012088609576822095	0.013565427695412493	0.013826669046447452	0.013369214790820188	0.01767327161236272
BCGCGGAR	951	0.006551165914648848	0.009485992446124821	0.016129250307812593	0.009397110029326803	0.01642532932140204	0.00691534149326237	0.015616906299598821	0.00974466111900062	0.016371372064555082	0.009010704082680622
CCGGAAAT	875	0.00602762373850446	0.025433619114643764	0.02613324297353676	0.025391660974342485	0.02655513265956626	0.013994922023682611	0.02152430617891381	0.017189997077762958	0.022328473009133612	0.024161693743143108
NAACAGGAARTB	843	0.007364632292558489	0.02130551141343108	0.01549154019152183	0.021441534216604795	0.015111729342531442	0.012877093377324865	0.013074671584211018	0.013989497719286741	0.012728881733371718	0.025166887324884722
CCAAWCGS	800	0.005510970275204078	0.019572276834279607	0.027771191080628504	0.019498042824238462	0.027637449135751054	0.010965404971162808	0.024151841904033633	0.01754375226183601	0.02156420793718389	0.014503310880596481
STTAVTCABH	786	0.006097844807522227	0.29748293471402343	0.3150912814327015	0.30014045811921974	0.3089952388643453	0.18454336493373064	0.20958688813194776	0.24396702060645015	0.2461412592996402	0.2974204722145933
AGAGGGCGCT	751	0.005826312277925181	0.16240623021467718	0.1939960411375039	0.16117266509479847	0.19426542112775036	0.030149331556024568	0.14073847544373802	0.11598061641254898	0.13603602405356496	0.1076997391785848
GGRAGTGTTT	742	0.005756489627457369	0.0269147496256436	0.020998831538635576	0.027075508706506553	0.020904326955671813	0.019090550507830956	0.017251627640270228	0.019720270040454724	0.017874390597349667	0.026187777294605266
TTAACCGC	715	0.0049254296834636445	0.011133216733928204	0.012156300764995588	0.011128639903218347	0.012024630536900028	0.008916489846000108	0.010846806850923058	0.010225959904670522	0.011151382351957357	0.01064604157941681
CGCGCBCT	695	0.004787655426583543	0.10211304339141589	0.12743183270695024	0.10095944758291224	0.12925480208982748	0.017898916102814442	0.08510095558891916	0.06698861423290593	0.08114805543499588	0.06589261487895964
NMAABRTTTVYH	684	0.005975573532752083	0.015213000369466772	0.011846953651964314	0.01530304888885331	0.011690764663201217	0.011759340966696369	0.01003747409302509	0.010889820253974478	0.009769276582696171	0.018209256255835173
TTCGCTCCGS	659	0.005112569628698661	0.009218765165585549	0.012481572144308005	0.00921038220826188	0.012649584167878553	0.006885479815319649	0.010850500942668147	0.00815442758781728	0.011791250467448878	0.010002234065936979
TGASTCAB	657	0.004525884338511349	0.3929884581364306	0.4183192890186651	0.39809246712361646	0.42000549163548784	0.29010856596880663	0.3006071063005216	0.3535461775337173	0.36190637022473204	0.41352633000259037
CGGCGGCG	632	0.0043536665174112215	0.006629207919130124	0.010627757473125133	0.006542079862258091	0.011348134060276693	0.006466377286404833	0.00887616775538523	0.006934733151738909	0.01001251044238057	0.007608010840663393
SGACCGAA	627	0.004319222953191196	0.009040347471219408	0.011723731154424351	0.0090532692486804	0.011754171074071512	0.006150730769694969	0.010691886330481147	0.007962357276971909	0.011369844138395013	0.008269036354778778
NNCRAABCCG	624	0.004841037099101615	0.009358755032664175	0.012093389004042703	0.009334851952316203	0.012391966726277737	0.007170404891147358	0.010608956122777059	0.00834200365214523	0.011345242323945149	0.00878838118417257
NNCCGCTTMCSN	622	0.005433927978613737	0.00840528009358215	0.010920154233753	0.00837524213402959	0.010805390102320213	0.006034174056716015	0.009504347953185251	0.007540209103940008	0.009620140039917279	0.007861593702856214
SCGCSGCGSV	621	0.004817762882279012	0.005793165801577153	0.008694384390227832	0.005716114370097396	0.008726437219350488	0.00476611026379675	0.007823735584216727	0.005928790556103554	0.00827747784571179	0.006492989283186996
BBCGKGGAAANK	613	0.005355302011077525	0.008200137438913348	0.010059166848534279	0.008181919251554513	0.009845021078274441	0.006580370835778018	0.008616098308027134	0.006501422403345082	0.008867005166600933	0.007740082461340376
GACGTCAC	594	0.004091895429339028	0.03539082861723854	0.05317887115959319	0.034787433076196105	0.05056768630766374	0.013870034064816822	0.0227631734018106	0.019808826826107215	0.023373155713933627	0.02633225164989959
CGRCGCGCGS	585	0.004538472280407765	0.008458993222302442	0.010863108607413564	0.008393296030412861	0.01006335598034713	0.004854743152401688	0.008770855052545039	0.006232575097179542	0.008893291005674495	0.008007495378089336
YTCCTCCCCC	575	0.004460891557665751	0.013658077730063257	0.020646551023116612	0.013615999127627315	0.020639912512157296	0.010372686374487232	0.01115318797153229	0.009385702826222725	0.011510700206328987	0.015172052685483654
CGCVYGCGCG	550	0.004266939750810718	0.005569226600966681	0.011027919807199749	0.005452814768759995	0.011785735179219029	0.0045911657287233615	0.009231371340530418	0.0063462236641021645	0.01031693480460514	0.006043247880540981
GWGTGTGTGTGT	538	0.004700085614942428	0.01789183347118202	0.014438749626857816	0.018011643063315576	0.013992544308130744	0.012570150378178876	0.009616189636617667	0.012716708560538784	0.010865830191644277	0.01727313050344861
TTCCNGGAAN	527	0.004088504088504088	0.0104616717818601	0.008304640711676251	0.010505121710410115	0.008216708451680606	0.007063320832061884	0.007432519490497234	0.006690157474187697	0.007368315945738811	0.009273168870256504
CTAGCGGC	525	0.0036165742431026764	0.2368470242348317	0.2554318290367352	0.23781773254472915	0.24643095234146584	0.04434200051208654	0.1951076384868329	0.1740358035349554	0.1702317152875074	0.14431282067283902
CTGTTTRC	492	0.003389246719250508	0.018584118489608725	0.014108919728305152	0.01886565568905943	0.01449517737591667	0.016213601277769066	0.011654967285050392	0.011813141868430568	0.012102604722392822	0.02344353488163768
CTCTCGCG	483	0.0033272483036544623	0.013261229561892036	0.019017023931443215	0.012998125361634461	0.01699448049804186	0.005140418228022304	0.016835553910327844	0.009011218281270385	0.014553830605400062	0.009370404672082184
NSBSTCGCGVNC	464	0.004053605437422466	0.011081678169543864	0.017495592107489175	0.010750317352357016	0.01694643663084376	0.004148262254625821	0.013427401010953395	0.008932950302002038	0.013189259086923848	0.008364817813851445
ATGACTCA	446	0.0030723659284262734	0.4923073270807221	0.5357967832744377	0.4978721589526285	0.5417232412334196	0.3537174342653813	0.3777081781443052	0.4394746579108471	0.46349650690646776	0.511124277814934
DGGAAWTTSC	434	0.003367003367003367	0.0138261595697191	0.010075458443433999	0.013865318760019873	0.01036419010420013	0.00937955217454661	0.009155005854311475	0.009244542799543544	0.008984031083029536	0.011552373913279035
ATGACTCATC	431	0.003343729150180763	0.45597959415663575	0.4975299412821777	0.4593930615686489	0.49151101580402357	0.2612764392974034	0.3087220616907224	0.3740816771512531	0.3835567271133349	0.449680408298057
GGGGCGGRVCSG	423	0.0036954204742019464	0.009041572135114426	0.016217283054111655	0.008995370212348123	0.01611518334260862	0.0053976206474893665	0.008667961839543284	0.0075316957141302	0.008407541478531223	0.011538481717703036
NNATGASTCATN	407	0.0035556409763597926	0.4394467995649556	0.47227284782558526	0.4439360804485276	0.45687598547392966	0.19331089507048368	0.26262985633913966	0.3309039873363139	0.3292871163795425	0.405638237292017
TTGCGTAA	399	0.002748596424758034	0.011212778582840751	0.01568782227187056	0.01128235346922776	0.015130097965692538	0.0064974204819208195	0.01397719655158477	0.009592072225795676	0.01242200679895747	0.010253134511856103
GGGGCGKA	398	0.002741707711914029	0.010223191748951605	0.01963356071654448	0.010143501235520089	0.01967008738756787	0.005306805038688216	0.009455994421293416	0.007222218739240659	0.009054491691558522	0.010578358321156358
GGCGGCGC	389	0.002679709296317983	0.0057720197901284485	0.011513798706500038	0.005724942305009752	0.011825590963485122	0.003892114358254556	0.007384762259738841	0.005783102463384721	0.007707297772577096	0.006816052470428768
GGGCGGGGCC	381	0.0029558255364706978	0.009230621098767405	0.017570709240753532	0.00917396225681611	0.018464536912519806	0.005551749563305879	0.009066630691300892	0.007797588924869183	0.008983829857464045	0.012677291445689317
GCGCGGCGCCGC	356	0.0031100938269879265	0.003225432486817796	0.004967209993945767	0.003195717141840394	0.005026458186111181	0.0028110980781456984	0.0044527368639179395	0.003546316276422154	0.004702442365589826	0.003637539257617462
CCACYAGRKGGC	353	0.0030838851711425226	0.8058264874173862	0.8384219598449598	0.806178934010507	0.837561589771123	0.2716043633620353	0.7443266084968152	0.7174808363088699	0.7346078744270652	0.6450819661752144
GGGAAAAAAA	339	0.002629986500954243	0.004522063246819242	0.004128185078730365	0.004532436394289195	0.004033469857546462	0.0034549921845912516	0.0035661505972094205	0.003497810250178658	0.003452836529932861	0.004794465469717367
TGWGTAAACA	334	0.0025911961395832365	0.01975373406765263	0.013565931836170522	0.020081281717932338	0.013612499091138269	0.015431641346753618	0.009554520293794522	0.010101670877185564	0.01021271466307793	0.026836598623940257
GCCGCCGCCGCN	312	0.002725700207922003	0.004065949864445799	0.00598909560429805	0.003995763618629517	0.005823936448559567	0.0027997041017977587	0.0046377918050612655	0.003660790631553318	0.004970943933176921	0.0039810268833808116
GTTGCCANRB	294	0.002280873248615184	0.010081136186185058	0.007938963678365184	0.009756491676207875	0.008203298918610734	0.003384674322171376	0.011966534033100044	0.006269690111905797	0.00918398826311704	0.011520596741233543
TVTGCGCA	285	0.0019632831605414527	0.003947010843699882	0.0060880990748282526	0.003911848278011177	0.005849867762726631	0.0020957708345765835	0.006790051270775176	0.0035266570718063064	0.005830266432854146	0.003064927166718562
CACTAGRGGG	278	0.002156744092227963	0.8029051900962849	0.8325376905399485	0.8020718638613175	0.8291662335750192	0.19443508351974426	0.7265563633715886	0.6752914006556534	0.6913258966470988	0.608065420483804
GGGGGCGGGGCC	245	0.002140373560707983	0.007242462207994396	0.015476205876860553	0.00721941306965005	0.015182711533857194	0.003734234886408853	0.006540579366103917	0.005548893291891601	0.006085128756011795	0.009112105729467471
GTGTTTGT	244	0.0016808459339372438	0.010043641829428027	0.005608398991734416	0.010156011732784897	0.005554867315143585	0.008646508756762624	0.004930683206000387	0.005743187112892585	0.004878932297910043	0.011033753737317966
CGTCACTTCCGG	234	0.0020442751559415022	0.013998629609584047	0.02030717515120534	0.013822537649808352	0.020414860567703974	0.006407405434288008	0.010794326702992324	0.008851851008385307	0.012436870287195544	0.011682053769089828
KCTCGCGCGA	212	0.001644711322130677	0.0037717780491534165	0.006524659188006808	0.00368393807082288	0.006532537604012272	0.0022370395628411423	0.007175839936615037	0.0033119489167395782	0.006958948791867901	0.0024682263933754676
SSGCGCSSGCGC	202	0.0017647161602571942	0.0020341923255941434	0.005004804762123504	0.0019880367065877205	0.005257060563634665	0.001392719081682928	0.003547373279785733	0.0022659063770030926	0.0036939951388109816	0.002339080633765888
ATTKCACAAC	161	0.0012490496361464104	0.005301054887066741	0.006502287713638247	0.005357179663487441	0.006374661442234563	0.003321768841328182	0.003981475874680928	0.003785349709960933	0.0035616921878867543	0.005496571174534954
TGACGTCAYY	147	0.001140436624307592	0.01557930040957472	0.03925631386497323	0.015540047209032685	0.03985126255579324	0.006569348950710511	0.011696705954206197	0.009567676811458408	0.014226389205997933	0.013085949616684273
CCRCTAGGKG	146	0.0011326785520333908	0.5878397478917818	0.6330719377613856	0.5910679730723678	0.6259753128466277	0.11051000915082883	0.5577991006452877	0.4905623286192296	0.5050828402970309	0.36638359916784774
NRGTSACGTSAC	146	0.0012754879178096552	0.0107637583436407	0.02715711230213748	0.010502754497980963	0.02603322757334056	0.0035061743103331645	0.007026448247695717	0.006421162016338588	0.008823438601064087	0.007958253823154503
YBSYSATTGGCY	138	0.0012055981688885783	0.005220038141324545	0.010906062845913953	0.0051182948394141205	0.01059552633392323	0.0016910305587481446	0.007521059493837646	0.005194257569805441	0.005809562743548135	0.002871886411309501
CCCCTAGTGGCC	134	0.0011706532944280397	0.5977137857833518	0.655804989073666	0.5997860011799693	0.6512636723206666	0.1037279004992004	0.5688892018695483	0.49674051902310123	0.5146607259900946	0.34236020649759186
CGGCCAATCR	122	0.0009464848174525594	0.005078836872549088	0.013135362240490054	0.004944282067629773	0.013354969673017678	0.0014997164332826046	0.009040441724102557	0.00608753540922513	0.007016397588353723	0.0025254329440512965
CYAGGGGGCGCT	116	0.0010134013593556166	0.48672341803478963	0.5545870657773362	0.48219580481838153	0.5287833368488035	0.028839002765497737	0.3992584786936559	0.30859717224482736	0.3318392207460632	0.27928014695841985
CCGCCCTCCSGC	104	0.000908566735974001	0.011711248431484194	0.011996492086756419	0.011686597554707355	0.011922959523223453	0.0012417648234467487	0.011393919124481105	0.002273093777130802	0.0019954863095970163	0.011405333367895528
TTAATGATTAAC	58	0.0005067006796778083	0.040453770290167154	0.02235313287500596	0.043444730521898005	0.02259604445788692	0.021403508081349533	0.03067796864402288	0.015462467279797578	0.018663493510289265	0.07051185124841268
CGGAGCCGAGCC	43	0.0003756574004507889	0.0003700622299242952	0.00043777096589036295	0.0003621443032109241	0.0004371251514238471	0.00033759282113112046	0.00047480430049310794	0.0003485336092504106	0.00048344625407325257	0.0005510550182303118
AAGATGGCGGCS	30	0.00026208655845403873	0.03485848053792303	0.036550134925950606	0.0347786549143332	0.019663806174744204	0.00027741310442061225	0.03437835913235264	0.0025170545785625255	0.002161758728726138	0.0022282203062906555
GGGARWYGTAGT	24	0.000209669246763231	0.0011995133652429604	0.0023259118879965933	0.00115094582669548	0.0023982940695331063	0.00039615553765174683	0.0007446908273033208	0.0006926874082081725	0.0007172219659728227	0.0010464454131409802
GTCACGTGAC	22	0.00017067759003242875	0.0012319336794174446	0.0033719777940815435	0.0011864755464383492	0.0032546756591993993	0.00042938990010143953	0.0009643338121153978	0.0012820163853286218	0.0012238969294310971	0.0012529034135263129
CCGCCATCTT	14	0.0001086130118388183	0.00154555055328113	0.0029688232120047334	0.001406664475137079	0.0026358715332550297	9.785970026897117e-05	0.0005195641394634418	0.0006254584662698436	0.0004775871507448149	0.0012065619912911647
CGCCATGGCGAC	7	6.115353030594238e-05	0.00015391560495618017	0.00018115963692129887	0.00014643679107343162	0.00018965446900837146	8.915136011384478e-05	0.00012220756305556438	8.679704726818259e-05	0.00010394609686457495	0.00013597690121357992
