Motifname	numhitsdeeplift-RC_multiref10	deeplift-RS_multiref10	gradtimesinp	ig10_multiref10	ism
VSCGGAAA	1860	0.7435038909001863	0.7392679125006555	0.5312363266982008	0.6908997251634514	0.5745661641497839
BNCGKTWH	1425	0.6542183561706798	0.6251668475506645	0.4700570769124369	0.5659293720547008	0.5174320579096371
WAGBCCGC	1251	0.645966160350933	0.6316502538023578	0.486928533715281	0.5832980202924001	0.5454502175643665
CNCGSAAGNNNN	1226	0.7807410466738303	0.761498010036437	0.516899625679974	0.6924590104732826	0.5831808803897904
YCGCDARK	1198	0.6302476626167668	0.6063003861315202	0.4350522366216223	0.5532658626538779	0.5035231091278914
NTBTCGCGNV	1179	0.642574360539139	0.6339883359053069	0.4576576339771983	0.5997916286526382	0.5130789698791673
GGGRRTTTYC	1040	0.6736923174149037	0.672484820268617	0.5059208671346827	0.647675478404275	0.5670226691521476
GGGGCGGGGC	1040	0.9561432485242676	0.9567089295211648	0.5724770816077915	0.9406241000029429	0.6704137562382277
DRRGGSSRRR	1019	0.852028490410448	0.862231522825176	0.588808561978079	0.8602410668655407	0.6545607663241867
AVWAAVCSGC	986	0.5949066091492082	0.5927750996183119	0.4951510699420217	0.5702410055268734	0.5199392459119407
NVGCCCCGCCCC	985	0.9554163885290139	0.9553348438451075	0.557158117510453	0.9391862160178175	0.6621217530100676
NBTYNNKYCG	979	0.6906536850265724	0.6679609670650338	0.5609842520432359	0.6444203226769596	0.59225019127073
CGCCCTWT	907	0.8139497548974488	0.8100096588086807	0.5010944669921067	0.802941927654493	0.6271035390401448
NNDNCGGWHVNN	898	0.7580949000722926	0.7427792690469595	0.5314257439018732	0.7035296462657461	0.5685542195973452
CGGAAGTG	877	0.7964940857310189	0.7949563287421693	0.5462781380546364	0.7471317873065226	0.6068733621424388
TCCGAAYG	862	0.6187551825975933	0.5895011747185539	0.514822295111235	0.5548530845192781	0.5171925578551366
BCGGTTTC	809	0.6153213358869986	0.6183073181029148	0.4939284124915646	0.5719855256221849	0.5453633242200834
GCCCCGCC	802	0.9336697431589993	0.934177800181379	0.5602091146432057	0.9207954940910424	0.6550344003707882
SNCGYTAVBS	728	0.6906640668169828	0.6603828212090435	0.5195786101162447	0.6068095297657087	0.5406361199844918
RACCGGAAGT	710	0.8539406702842768	0.8602786166606109	0.5661599096931831	0.7870019836168299	0.6275775856494454
GTGACTRA	676	0.6175256069825854	0.621953928919774	0.5307058762971796	0.5713677087771805	0.5497507233194057
CCCCCCCCCCCC	660	0.7849877191506305	0.8217354883902065	0.6293845184054114	0.8449444603070166	0.6216992516084419
GACGTNAC	651	0.8046785148674711	0.8111029244060952	0.5115996663837408	0.735809224001919	0.6207880874051775
TGATTGGYYS	611	0.9601759954238609	0.9547801447661549	0.6166342792589868	0.9343526128702258	0.763756081123149
GCCAATCG	580	0.9664901790631593	0.9619119032668311	0.6000812164257903	0.9494049289076611	0.756904207349103
NNSDWWCGDHNB	573	0.6775656246912627	0.6478233740488575	0.5023894661870973	0.6027492835838197	0.5627664276313408
TGACAGCH	572	0.5904299486728777	0.6099170481677263	0.5498116976226236	0.5489367331192205	0.5818460565651578
CGTTTCAG	553	0.5718276007421264	0.5897007787824879	0.5080740754901562	0.5367066098562715	0.5528022416149101
CGAAACBGAACN	553	0.6343811328643234	0.6174598496522485	0.5164046571075233	0.5599133797799525	0.5358382685712738
CTCCGCCC	505	0.8731433778790509	0.8838023703848218	0.5808267941423023	0.881437453536686	0.6589540899072472
BCGATTCGNN	462	0.9158924809340201	0.9036993218303342	0.5800030200223548	0.8893324919505505	0.7168515280585541
VCCACTAG	438	0.6963678196302803	0.6766774692329192	0.5002041066657097	0.6185965947765824	0.6007781313015028
BCTGATTGGCYG	426	0.982304806937019	0.979974681210706	0.5944006870258427	0.9677621301063649	0.7576811891218747
CACTTCCTSTTY	416	0.7679047457314561	0.79486472816883	0.5715272616805032	0.7244139669855308	0.6360959272739792
TTYCGSTT	405	0.7459976707641265	0.7441866553264661	0.5134760546458568	0.6831875378060461	0.5807712915566603
AGRTGGCA	376	0.7713585814215828	0.7857202066748918	0.5853362618208217	0.7800833049716049	0.73959954646096
GMCACGTNAC	370	0.7829878078504827	0.7859553650037225	0.5461391557303915	0.7222453179841406	0.6577962599268486
TTTCRSTTCC	324	0.7394457214556781	0.7428212083900143	0.5402450954840025	0.6555302367413507	0.5748233798151927
GKAAGTGGYT	303	0.6424905789250765	0.661608154625585	0.5371310691546856	0.6112519995714045	0.5451991864441144
GCCMYCTRGTGG	301	0.9698887216845926	0.9688727930179681	0.6072491808274894	0.9680042581898474	0.9350236140152587
AGACGACT	280	0.5778927159136935	0.5591422381945159	0.5110658211366684	0.5453928542875242	0.560508580934634
NWAACCACAR	277	0.5686866711707517	0.5697232996816095	0.46610142883019545	0.4517220405044049	0.5035575727033508
CCCTCTAGTG	272	0.9403720417031045	0.9448784233816778	0.5975292283028756	0.9517912596211966	0.9034292492412357
CGGTGACGTCAS	259	0.9000231284131325	0.896168056041059	0.5349520234813148	0.8610748777688557	0.7000990719753521
GTGCGAAA	258	0.5378290931348606	0.5359695681501724	0.45236716267189403	0.47949830201841764	0.4888340542359626
TGAAACYRNN	228	0.5652105585584809	0.5961287974458994	0.4564415773220491	0.509589009365483	0.524497313668408
BNCATTYGCRTA	207	0.6686998712649481	0.6521881880257417	0.4966589211602441	0.5880307004108922	0.5386798511062543
SAGTCATYTS	201	0.723012870034393	0.7493400230754841	0.6095966521785475	0.6820944706669974	0.6764531490992783
ATGACTCA	188	0.9058226072351391	0.9116823954858858	0.7284411445393499	0.8835060160231009	0.8298001064071859
TAACCACA	183	0.5259733309351897	0.531075939457492	0.4624327399843308	0.40016881775381785	0.4830681176645697
ATGCAAATCV	181	0.5313374206118175	0.5388610853261409	0.42802409260726615	0.4800913145281884	0.5036764217399812
GGGGATTT	169	0.5016440739773973	0.5341274626584435	0.46103183682535753	0.5731792687653564	0.4690181447848423
CGCATGCG	167	0.8496923055790597	0.8608747339917313	0.37495316188530303	0.8066242563304233	0.5574111642768595
ATGASTCAKHNN	161	0.921773288297165	0.9254802810321752	0.7219019421965471	0.9063210846603255	0.8567790375050408
RTGASTCAKH	157	0.93286792699807	0.9391782800667857	0.716885012282104	0.9156172801684404	0.8652203789976022
NGTGACGTCA	126	0.9667041943854497	0.9667407135569576	0.5434036724568125	0.9523121163182515	0.784628768930324
YGCGCATGCG	111	0.9460922512477496	0.9473096566177021	0.39440450233793034	0.8975434188834659	0.6238168474278827
NNNAAACCACAN	107	0.5409804299431271	0.5372215224256099	0.4287746369884837	0.4041600887912151	0.48944934302073057
STGCGCATGCGC	102	0.9641828934830036	0.9623942025260195	0.39071328077561457	0.9172758881573173	0.631845690466394
CCACTAGAGG	92	0.8999351767908406	0.9090481511164236	0.6401580411969354	0.9241585161760233	0.8970795469667878
YGCCATGGCAAC	78	0.7618899572163262	0.7805056892521045	0.47570051117094675	0.7987250780334216	0.5444382002145214
TTCTCAGAAACT	73	0.5452833496597842	0.5594902717839645	0.4631964800546058	0.5446607933013123	0.5600333263288598
CCGCCATCTT	48	0.921672101028458	0.9572468879809796	0.6217410909488412	0.7797636636195525	0.682640957495263
GGGAAWTCCCCN	48	0.4853815477364569	0.5223710904506855	0.45796934190096145	0.5748991002473183	0.452121929385346
AAGATGGCGGCS	48	0.899336375498809	0.945958019760167	0.6972542749632058	0.6992381310027767	0.7167742045609724
TCGCGAGA	35	0.892101973166898	0.8723587071403534	0.3506199586899206	0.7867774360163801	0.44185039636415074
RNTCTCGCGAGA	25	0.9293431653693842	0.9267772770722381	0.45734626063999273	0.8491465246483682	0.4895637792647215
GGGAAATGTA	24	0.7521397265795802	0.7443151280789972	0.41242479002696397	0.7454522447984988	0.6301351729886313
GGGAATTGTAGT	20	0.9635243600831475	0.9568668730180406	0.36026218762802126	0.8548936380050678	0.5303567906292199
TGGTTTCASTTY	17	0.5751558122452405	0.6481740313222106	0.5284625662363812	0.5727080672498415	0.5530214589363445
ATKGAACSGA	4	0.5447988972999562	0.7602686379536511	0.6040083898119808	0.4048639388390905	0.442164612483603
CGAATGGAATCA	2	0.8439240141411383	0.8533881074847891	0.7958297297707375	0.4734284673858619	0.5505143611452501
