Motifname	numhits	baselineauprc	deeplift-RC_multiref10	deeplift-RS_gcref	deeplift-RS_multiref10	deeplift-RS_zeroref	gradtimesinp	ig10_gcref	ig10_multiref10	ig10_zeroref	ism
WAMCGCGS	1773	0.013743440278434504	0.04256834672394012	0.03575024974050241	0.042851170228963675	0.03652331263197061	0.025613749740642868	0.0360761965204463	0.03677272911387561	0.03592955131121389	0.03990438550961042
GGGAAAAA	1452	0.01125520320602758	0.02613448882207159	0.022369724218343726	0.02625464131244775	0.021656256780760785	0.021041682278551743	0.022039788894526246	0.022097233024645082	0.02045526584608163	0.026979294669045212
KCCGGTTT	1421	0.011014906167882362	0.023573018777198636	0.022685878239291732	0.02371665214114515	0.022916937239566743	0.017248637025431453	0.021548537441025077	0.021311238317073614	0.021916134924338183	0.023145711939804463
NMTTSGTTCGVN	1282	0.012903485551518323	0.029325527824953568	0.026362962315525828	0.02946385139841045	0.025788738517805047	0.016961735179718582	0.024231928862808873	0.022933042260848437	0.023370970297585832	0.021743551494326035
NTTCCGGN	1256	0.009735905803561047	0.043301813469395684	0.03978847538255664	0.04358950905761268	0.0396509589650301	0.019426275891371372	0.037306127469578815	0.031728499642994394	0.03748512072137809	0.03145444221474466
ATTCCATTCG	1186	0.010477216911959575	0.023544800970431615	0.02132402140992905	0.023627579861015192	0.021576641082665358	0.01735828551668796	0.01991759403281739	0.018519225985328173	0.020291030390936018	0.019946086431631645
CGCCCTCT	1185	0.009185548071034905	0.3527974974427255	0.3395035143402916	0.3535674710539476	0.3447694832312037	0.321157738666151	0.34543484601989677	0.34008551567548323	0.3461455319952647	0.3421123728356038
ARVVVGCGBN	1155	0.010203360483400767	0.18719155332473664	0.17868486141192538	0.18786202753451114	0.17866670142629618	0.1474227755147826	0.1766041651857968	0.17245580344824119	0.17399007012854792	0.1725440648372155
BCGCTAGG	1151	0.008921996480811118	0.08796021283884799	0.07892107556372396	0.08836668598952327	0.07578507018529546	0.06260006154564941	0.08560947407724473	0.08624366261046067	0.08013220346942206	0.08026722577128861
TTYCCCGCCC	1092	0.009646813547942543	0.03337170533338769	0.02738815055934086	0.03367474310569875	0.027643263996291315	0.019602681512624107	0.026891666458947017	0.02561515554378843	0.026342514816807952	0.028730563507176142
TTTTTTTYCCCC	1081	0.010880396163175748	0.0378035989244485	0.03091056966236164	0.038027900921209355	0.030735180905158144	0.02637802533812503	0.030870764636969694	0.03115477362945049	0.028964773383804113	0.035211883671340524
CGCCGCTCTA	1053	0.009302284492658882	0.019712693446703136	0.018558170372708217	0.019846647815872698	0.018997311953309046	0.012986764726332239	0.018190648221814897	0.01662425897279765	0.01951737207813426	0.01482847959986807
CNYYTAGCGS	1024	0.009046096220781286	0.16728196894804356	0.1478837869452149	0.1680970739595473	0.1461095955961924	0.13242998414844795	0.15260394622560255	0.15222824938829024	0.14956451380105665	0.15633969629937955
CSVTAGCRAC	976	0.008622060460432164	0.06601878195990564	0.057876560015077655	0.06707224083397689	0.056591358290981816	0.03524307110201435	0.05937882946334923	0.060022700255821584	0.05687395199732849	0.058162339470032624
NBNSCCTTTARN	956	0.009622255996296035	0.028804381833538405	0.026244979561983496	0.029146705971138116	0.025702758093185805	0.01866764944154811	0.02440091894659373	0.025112580711811397	0.0234320484045586	0.023439060193918813
THTGCAAATGNN	918	0.009239781385564604	0.021594446081790238	0.018789954320432723	0.022258896936935786	0.018071267022261205	0.013538696722209987	0.017012138767835173	0.016840584355860274	0.015759196927977566	0.019750009947619242
TTAAAVMGCS	904	0.007986006819908478	0.025849968990314352	0.02387446027784678	0.0261695367466556	0.02366330157940829	0.015548353756401637	0.02373037289654719	0.025109102749675025	0.02428402661694876	0.02285590315064301
GCCTTTTA	861	0.006674056446549412	0.018366567171668926	0.016197455459233977	0.01851715746046431	0.015617934584323295	0.014544641147838202	0.016764437228104282	0.018924712792167935	0.015781851696070173	0.01725434340365256
GCGGACTA	814	0.006309735130651825	0.024261414455486623	0.018510445888563508	0.02450519007441423	0.018339021339411562	0.013213742142573193	0.01849392732190875	0.01853647516713009	0.018451052189619527	0.021046744964383274
AAGCCTTTTC	802	0.007084930829166593	0.013624880718824724	0.01230749156704204	0.013701234822594255	0.012101293077558705	0.010684667615224219	0.012298280530064955	0.013586323278059375	0.011699066402927031	0.014919275337259987
WSCGAATS	787	0.006100444161944701	0.016244179545183757	0.01347804759713215	0.01631866072232359	0.013106005475671026	0.01169824855362649	0.013779608104876976	0.012360145770209965	0.013219511598277445	0.014711867881239392
NTCTCGCG	784	0.006077189609866131	0.0243420727867139	0.021693070886042283	0.024475851795187055	0.02148010296310537	0.011400840703435576	0.021221736476944097	0.017387115864067323	0.021523494437915614	0.01935246282877645
GCGGCGRA	781	0.006053935057787562	0.02282307345555773	0.021040889220542085	0.022955143636555157	0.021403773218879745	0.014539620356765343	0.02127132704373199	0.019233933213011624	0.022273078715075136	0.017473052809768
GGGGCGGG	776	0.006015177470989946	0.047706516241323715	0.039758422005277974	0.04787441504791558	0.04058759663299284	0.016990241000019404	0.033154036054339635	0.025993668878597817	0.030753668546372702	0.0366451981158763
TARGCGGW	776	0.006015177470989946	0.03024635047107363	0.02771179817418822	0.030325834575016593	0.027529259019024033	0.021509976116904694	0.029411637971709613	0.027291456763597653	0.02821460431146374	0.028987472249455783
RGGGGGCGGGGH	754	0.007589101486618421	0.055334633340118365	0.04490188587192229	0.055498638952730946	0.04344937163525983	0.02046926081962723	0.03646488311761969	0.029897170297710073	0.032618581565561695	0.04539822255752385
CGGAAGCG	747	0.0057903834675637755	0.03672467552460228	0.03863076339122947	0.0368945089176433	0.04087967065983525	0.013714961844853199	0.032805632879609546	0.030818752768526407	0.035062743369826205	0.02480445013526244
CTGCGGTTTT	723	0.0063870386402586615	0.016414980900372366	0.013129203989966056	0.016554271267037592	0.012946657134260188	0.011501853029112968	0.013515117799009064	0.013875580019313234	0.013814835847137465	0.01896533565541967
RGGGGAGGRG	718	0.006342868248555628	0.0355940527587603	0.03008853367846738	0.035646648406536405	0.029699425158776736	0.018362247789794787	0.02541300076433497	0.02020884682814931	0.02389462762058027	0.034701050944026805
AAGCTTTC	706	0.005472571255823328	0.009941339612262776	0.009148124063616227	0.009955697896950211	0.008949966363601212	0.00849400425773423	0.009272888158253436	0.010604683506761733	0.009177303903790898	0.01208201277253103
SWRGCAAC	642	0.004976474144813847	0.03159707435773738	0.02190590595876906	0.03193401197663188	0.021027829865117857	0.016946131487061363	0.02449794944450029	0.028713169544396573	0.024075769964948323	0.03751877998870257
CCAATCGG	634	0.004914462005937662	0.025745793090521003	0.028265874337823165	0.025715307693239417	0.02841025377405148	0.007174188654724321	0.018854683106781307	0.0185580602982272	0.016702771256730926	0.014533178036938687
BRYTTCCGSY	632	0.00558313751126345	0.04134371677038668	0.036773421937473176	0.041713186830552945	0.03531165493815351	0.011959313192939377	0.03333446263005439	0.02694374797875979	0.031597049086708504	0.02752418943607425
KGGGCGGGGC	591	0.005220940299298574	0.059990973509124815	0.044085537571637745	0.06017077434299013	0.04280184010446771	0.012799897453411159	0.03402671601763016	0.026813200268426596	0.028108140586778175	0.04340970150425676
YACGTCAC	589	0.004565643724759122	0.04751283148680533	0.0491830128424797	0.04820218974034467	0.0506924962499601	0.0185064950803605	0.03434016339702181	0.03210873286857405	0.033761079387426424	0.03551445882964135
TGCAAATC	584	0.004526886137961506	0.01401831231227134	0.012248715401105293	0.01408674328538489	0.012090149176032034	0.010950452305907653	0.01252343471218434	0.012739850801014838	0.012082222737383394	0.01452028259004301
RYCGAATGGAGG	566	0.005696858675631335	0.012760406178019074	0.011421467075837294	0.012807661839770963	0.011227529064782478	0.007676245626112773	0.010958003328719677	0.010060816387580624	0.011070800068120982	0.008459540541558919
NNRAWTTCCH	525	0.00463789112881853	0.01146005902086218	0.008610003001044883	0.011455872405299068	0.008620887400698165	0.008930091633210475	0.007924871493573885	0.007963967464418605	0.007418307080708291	0.01148829243490427
CCACTAGGGGGC	439	0.004418588266081548	0.8636625913489355	0.8212563762689885	0.8649570319198546	0.8200936866536678	0.8237276678392073	0.8451429760651437	0.8464712155659565	0.8452994443099657	0.8656002311270337
STGACGTCACCG	439	0.004418588266081548	0.044512126374943055	0.042887403762675615	0.044964644052520354	0.04118878129306482	0.01613672913038104	0.03066568055963328	0.02692186259166411	0.028395307666915188	0.031721490848229186
CTCCTCCC	438	0.0033951646034711294	0.009167364473319298	0.008222085339351586	0.009127924729539322	0.008238877035154265	0.009552328720278778	0.00838007206752136	0.0072138834212387894	0.008413503190803294	0.013200351146469284
GCCCCGCC	426	0.003302146395156852	0.034116528837223666	0.0259602581832351	0.034197071376336645	0.026825413366632377	0.007584998528120567	0.019812488970720424	0.015295854836177453	0.017437498492369877	0.02324541029109764
TGAAAGGVAM	420	0.0037103129030548244	0.009566651618582963	0.008496804559017409	0.009587873123072653	0.008420830179520377	0.006852331895654566	0.008739492006384905	0.009039059912671007	0.008280902192640624	0.009505049484439497
GGGGGCGGGGCC	406	0.004086439262025304	0.05087533435307398	0.034681027916044306	0.051029799585262	0.032948925995159535	0.009236404569130106	0.025185412985356998	0.02029685732155053	0.020469593336246095	0.035855440836979856
RGCCAATCGG	386	0.0034099542394741954	0.021280051045525904	0.024738347524785084	0.02118914635609074	0.023507570248146707	0.004478921761907406	0.014644505242226115	0.012757303270387162	0.012460079949151937	0.009880675090101635
TWTGCAAATB	367	0.003242106751002668	0.013137769290872556	0.010847663303971206	0.013259668375712762	0.010195334633751819	0.00803874229518964	0.010296621428234544	0.010685059339085453	0.009202580633099935	0.013094420712248173
ACATTCCY	365	0.0028293038362259414	0.013334122484971036	0.007788679670995915	0.013306188732314018	0.007726836781918808	0.011666120339808492	0.007605523170243916	0.007839118318805308	0.007044978258831313	0.01544287288434877
AGGGGGCGCTGT	348	0.0035026622245931177	0.4114455180384986	0.3776076840516537	0.41244323918949594	0.3759016322007049	0.3322678732845751	0.386135627835756	0.38484604654013815	0.37856137028725395	0.40379043566378836
TCGCGTTTCC	332	0.0029329140090814327	0.0052322268852826245	0.005626317865089957	0.005231889443564144	0.0056097192920165	0.0035757164369980936	0.004788203940916499	0.004245585464595914	0.004767073255052991	0.004996541373725133
CACTAGRGGG	326	0.002879909539037792	0.8739848808488383	0.8323119103739198	0.8755311012807838	0.8292075549035349	0.818180988875197	0.85976317236466	0.8600527559201593	0.8547407276415085	0.8739182140829683
GTTGCCTAGCAA	213	0.0021438708443630287	0.005931498884484304	0.004866283820273826	0.005944484086996731	0.004696924971051753	0.0030702796848502615	0.005802507692753225	0.00563188512155604	0.004992390095281284	0.005915888657946566
GGACCCGCCCCC	210	0.0021136754803579155	0.010568264010617098	0.008433710875714899	0.010622592495081129	0.008248381243216049	0.0034355233253587935	0.00694132430438546	0.005588528880079959	0.00589886814585439	0.007078868055413332
TGCGCATGCG	167	0.001475291082881323	0.010781558774522707	0.016368136185428428	0.010784131878395834	0.016037420802579742	0.0014782364529909125	0.009086676461629124	0.008759412842633924	0.008530787686801957	0.0046821900075071044
RRCCAATSRVVR	160	0.001610419413606031	0.011638256425144029	0.012551323181105389	0.011428932900352193	0.011553393416513982	0.0016804223637571641	0.006350857222344988	0.0052583674714136025	0.005249601401473619	0.003581684123282198
CSBCACTTCCGG	149	0.0014997030789206164	0.03613100877610571	0.030149465267070276	0.03626159121911068	0.03275259185456146	0.005655791432550592	0.02416722113268435	0.021315071635958173	0.02498826850589412	0.018413916930084335
ATAACAAAGG	138	0.001219102811003728	0.007217052379317828	0.004556863414264553	0.007330271640419186	0.0040653467719582205	0.004233768411289086	0.004522066463497256	0.005289418367456909	0.004009640337437798	0.00826822732230667
CTCCCCCT	128	0.0009921942220189601	0.1510774494311391	0.14944657084164048	0.15133420859675795	0.15171836582248677	0.14545139407818808	0.16484493100420514	0.1572482889817169	0.1596139271792356	0.1606296190207403
CTGCGCATGCGC	122	0.0012279448028745987	0.011912447527190898	0.018717897770043963	0.012004279079792185	0.018488766436503396	0.001067643337319857	0.00942276098393581	0.009568446628916896	0.008839737864703802	0.004107048493249032
CSHCTAGT	121	0.0009379336005022983	0.4217069065826683	0.36543146166997514	0.4228651255375737	0.3305926231884845	0.21277104271590425	0.38086110497146053	0.38761469741236265	0.3254821203475286	0.4074729331491615
TTGTHATGCAAA	95	0.0009561865268285809	0.024585035884923053	0.017622039447869248	0.0250722849950142	0.016604511041958772	0.008094567416756224	0.011413773009782292	0.013203660972049096	0.009484125045051223	0.02653942142590375
GAGCGCGCGCGC	91	0.0009159260414884302	0.003395167926460636	0.003438421216575946	0.003424143538259929	0.003208878940409418	0.0009700112541523538	0.0026073749631356506	0.0022463011310712684	0.002542757599120139	0.0036246211095555033
TGACGTCACG	86	0.0007597307372921783	0.07679873809916699	0.09223878731704434	0.07789597705601524	0.09248307526674694	0.012478853206409226	0.0484993288248283	0.048877340077485114	0.043602199274649284	0.0346221116270656
CTCGCGAGAT	75	0.0006625558755455044	0.0026836692682108846	0.00290591804943507	0.0027297542296257525	0.002754715001840547	0.0008575043497561668	0.002699521522794612	0.0020315966556854696	0.002666012842515922	0.0017167864174415447
TGASTCAGCH	73	0.0006448877188642909	0.007393043800225708	0.005256104711818254	0.007257892872517426	0.005207644381528532	0.0047403666626067605	0.003539648953978936	0.00280973214644466	0.0033949549477168533	0.0057399763731306504
GGGAATTGTAGT	43	0.0004328002174066208	0.03673823748451874	0.025992935035169848	0.037518705204589	0.025398993948836407	0.018337551759042437	0.03000141740977428	0.02414270540218567	0.02850975790226231	0.0637698619606421
GGGAAWTGTA	41	0.0003621972119648757	0.02497856721641908	0.015383332896007946	0.025501137880304604	0.012556160008603153	0.006563901959764198	0.012828406778820406	0.011517480153906474	0.009813008121775237	0.03742255223289279
TGCCATGGCAAC	41	0.00041266997473654544	0.007858168707368194	0.009161052824374625	0.008064278225114267	0.00836291563864697	0.002446859045923269	0.004711468282321154	0.004598071631011435	0.003947972805479025	0.007678129842040067
AARATGGCGGCS	41	0.00041266997473654544	0.004956621598670822	0.004225203736116605	0.0049064180202017735	0.00386217105302554	0.001977806335464703	0.003293381558329026	0.0022877250958747665	0.003206887591763075	0.00220726205736148
GTCACGTGRCYV	32	0.0003220838827212062	0.02494620628286252	0.028601432914787544	0.025736887970047754	0.028072678994839867	0.0020186909465501257	0.01322623996548107	0.01608767335111013	0.011454776444407067	0.011702122050684164
GTGTGTGT	26	0.00020153945134760128	0.0004434909682069922	0.00022189349537275467	0.00045373555333391366	0.000221349282709576	0.00045468800799985406	0.0003173152094499174	0.00024761391931044346	0.0003090009905172954	0.0018084142382381752
RATCTCGCGAGA	23	0.00023149779070586696	0.0033346002347993077	0.0037273032345144542	0.0034246779182307086	0.0034943737014705447	0.00045859337235154834	0.0031325367075264758	0.002809451726995817	0.002773755943294715	0.0024513507694501687
ACACACACAC	9	7.950670506546052e-05	0.0004735960585457722	0.00015331004694620838	0.0004929317740976259	0.0001512835133056473	0.00023148687566823425	0.00024060841264659887	0.00017553466966961878	0.0001967016541289328	0.002522442544644437
CRYGGTGCTGAA	9	9.058609201533924e-05	0.008243701441383805	0.004990184819755596	0.008305897125395308	0.004599803100806826	0.019153269192631193	0.004245433404561979	0.0026843556509022013	0.005208214947799438	0.01931033011777213
GCTTGTGTGTGT	7	7.045584934526385e-05	0.00027789576829941856	7.267363680611686e-05	0.00030605324069350054	7.069326849106424e-05	0.00013879735116345814	0.00010199532711520977	0.0001037146452954557	9.450621053865502e-05	0.0018704515687438324
