Motifname	numhits	baselineauprc	deeplift-RC_multiref10	deeplift-RS_multiref10	gradtimesinp	ig10_multiref10	ism
GCGCCGAA	1508	0.010023196921256755	0.03330356730908125	0.03341195288474351	0.02225249073067163	0.025085545306977618	0.028737741429299458
CCAAWCRG	1461	0.009710802852756047	0.03568525369590739	0.03583217063437848	0.020067370850667305	0.03401500658204695	0.029435139419868514
CCTTTCRG	1343	0.008926494340350014	0.02314881536553816	0.023257774649133083	0.017231771216629152	0.0217115785916462	0.024271576599439137
ACATTCCG	1238	0.008228592697954815	0.04498757189293814	0.04560894565475443	0.035889510736386715	0.03129912404630265	0.04497337157022925
GCGRACTA	1207	0.008022545546390519	0.049928964739334926	0.0501387172227403	0.03523530268275748	0.04583481551866543	0.04504172494987254
CTTAGAGC	1132	0.007524044373251092	0.02182153189878475	0.021886653268005568	0.01666513273916331	0.018946456034560646	0.020229445913631475
TTTTYCCCGS	1052	0.007876609763402216	0.018029308793775442	0.01801253755834734	0.012923935573126617	0.014562097540234487	0.01725751421056192
NVAGNTCAAAGN	1046	0.008814879111433218	0.06738837801953382	0.06679306377566284	0.030737980900890905	0.05249005629433275	0.05297091629861085
ASCGTACGTANM	963	0.008115419296663661	0.019244690279427306	0.019327837155952352	0.012055816746987235	0.013446027003377176	0.017180314746349453
CGCGGATTGG	926	0.006933213536987122	0.019427642116836022	0.019425561354642507	0.013589735453007436	0.015407663819378945	0.015616418044952883
GCGGCTTT	925	0.006148181135386272	0.01928029072147085	0.019260577726711463	0.01367770645161281	0.015152477235370889	0.019294959195681863
CGGAARCG	918	0.006101654359226592	0.02698229412641883	0.02698975590974696	0.015405068260917885	0.020709406585102695	0.026448781605545136
KTTDCMAMNS	829	0.0062069481880802635	0.019434846701027998	0.018787578422348912	0.010708676042091402	0.01447060482021738	0.017502578200001728
SCTTTGDWCY	822	0.0061545372866127586	0.05903738477070819	0.05829940220357729	0.028145514008216146	0.050102871679668	0.04781546839092654
YDACTGSC	793	0.005270819070660879	0.033903988617617675	0.03412740550535591	0.018242672861471985	0.029590402935868586	0.03368469748111539
GYNAVHSDNY	785	0.005877508235998802	0.0513426066443824	0.05060712359051751	0.027658009836916585	0.04321557888257682	0.04257497027953247
TGRMCTTTGN	701	0.005248577418388739	0.1550858688876894	0.15410101168621484	0.08056852762721121	0.13308641664003817	0.12364511810526795
GGCHCCGCCC	647	0.004844264749925127	0.04254097616661885	0.04294730309153735	0.024540770468978915	0.031101750059914137	0.055673125663636344
TTACACAA	645	0.004287110088999076	0.06008417654833895	0.06018888299745967	0.03374156170281785	0.04941946337380597	0.06037408908532004
YAAAGGKC	636	0.004227289948222345	0.14600139740340434	0.14563082492030566	0.0949769769355366	0.13873136012916323	0.13643091997193627
TTTTCCGG	634	0.004213996583605294	0.0098555655165534	0.00992557623388397	0.00783608610561811	0.008221240260937606	0.011216111545413954
GTTCAAAG	620	0.004120943031285933	0.09441031797196638	0.09356797086563237	0.0427511639193006	0.07757287894146593	0.0766115117710417
RCCGGAARBG	613	0.004589697514225816	0.02417619562779727	0.024309738678718645	0.011791386969952758	0.016942922657358393	0.030149084052828644
VAGTTAAC	597	0.003968069338189843	0.024893965697380754	0.0248695652020233	0.012085999975166647	0.023597770247264803	0.02591800390750651
GGGGGCGGGGCY	550	0.004634974676183815	0.04280864444757847	0.04318353758596173	0.019839679558220462	0.02716219543703078	0.05423494494202592
TGTTTRCHCA	539	0.004035639412997904	0.08057814894958941	0.0803709337145574	0.041254916683702986	0.06615022307062086	0.09628621554841761
GCGCGCGMGA	526	0.003938304881701108	0.032595672811604845	0.03217421292675794	0.01464663171775222	0.02453769345847058	0.023027213443131467
CCCGCCCC	495	0.0032901077427202213	0.04226635304721069	0.042861663947089484	0.024046002593858824	0.02962979394864257	0.05071088738707
TTACGYAACM	477	0.0035714285714285713	0.05865340595311447	0.05838317335927176	0.02129162231995193	0.0420585932475259	0.04891104030886936
NTRTTTGC	441	0.0029311868980598337	0.06966152757883255	0.06938194689406549	0.04887669149771667	0.07173507942832792	0.10338403254201807
GTKACTCA	428	0.002844780028048999	0.18043406867880415	0.17952709416193366	0.1559283633450861	0.18007655074821421	0.19232835662664713
NNNGGAATGY	422	0.0031596286313267446	0.03406883891388052	0.03479684635159982	0.024471132225731294	0.019173721887680902	0.03653982232894322
CCGCTAGG	404	0.0026852596526443827	0.20280935273975884	0.20262417317954456	0.13620650456593747	0.1816431524726699	0.18494219894534697
CTTTCCCTGA	396	0.0029649595687331535	0.004610978242448075	0.004628213903314759	0.0036956605298924723	0.0037406789630189375	0.005114263191740679
CGCGMGAG	356	0.002366218901835149	0.013083760612764367	0.013140653223102232	0.008614765307971133	0.010382620800986517	0.009161038162254194
NNCNTRTTTRCH	345	0.0029073932059698474	0.061368955546268714	0.060767174223963175	0.026762675727101122	0.052030919840349715	0.07908019759477537
TTGTGTCAACAG	330	0.0027809848057102887	0.02336793104090218	0.023324198689665582	0.008674193393620766	0.014831270701268521	0.01804351613272291
GCCCCGCC	309	0.002053824833334441	0.0249994153640474	0.025112967774523966	0.013257767997112561	0.01871735419769288	0.03717341525221779
VDCAAAYVTTTN	299	0.002519740778507201	0.02076317462168989	0.020264889324238186	0.011090360430052723	0.020721659425719224	0.024901031377154544
AARCVAACCG	283	0.0021188978736148547	0.005631910611306822	0.0056782775252356334	0.003445656024215056	0.005163566364456081	0.00557788231489223
TGRACTTTGNMC	245	0.0020646705375727903	0.23773916735359132	0.23399750145034628	0.10175581189741663	0.21059258515045293	0.16575089846537322
CCACTAGRGGGC	238	0.002005679950784996	0.830053505752882	0.8304663870196787	0.7910730754882043	0.8174692166123544	0.821429745351149
GACGTSAC	217	0.0014423300609500767	0.020354930485793336	0.020234690099675427	0.009011440891530196	0.019163471725167115	0.015412232683620145
CCCYCTAGTG	215	0.0016097634022162325	0.8028912397542356	0.8029019151377415	0.7378719590014559	0.7845599985733027	0.7860898515062876
GGGGCGGGGCCD	209	0.0017612903769498496	0.029956298940796905	0.030136229814878512	0.010593426961139924	0.017148896116164093	0.040963234791320455
GCCCCGCCCC	206	0.0015423779574722971	0.031302976578325	0.03153226738803844	0.012642021950433107	0.021363071988067583	0.048116381443075215
RTGASTCABYNN	199	0.0016770181101101438	0.26136825955612786	0.2607852193436795	0.1536062445462103	0.24331761274883712	0.26204405428038086
BTTTTTTTTCCC	194	0.001634881976690291	0.00535986909088382	0.005341231080075824	0.0027405805417065007	0.005546908805510298	0.005962592732115184
NVTTKCAHAABN	183	0.0015421824831666148	0.024197024609290047	0.023862929245318527	0.0047134013469707055	0.011658075339940496	0.024964930526408403
CGCGCGCGCGGC	177	0.0014916191230627913	0.0043209956631945975	0.004360489626351595	0.0031961872081548836	0.004106519921608345	0.0037709261817325482
GATGAGTCAT	176	0.001317759808325846	0.3058854208004419	0.302277546892855	0.21061245223481542	0.30675916708907475	0.31905577463584706
CCRCTAGGYG	168	0.0012578616352201257	0.5412236718900466	0.5414027987163548	0.4962474808652146	0.5361534289229338	0.5349537498936937
GCCAATCGGR	153	0.0011455525606469002	0.029991433992783378	0.03014054038380517	0.011273688438963347	0.027243300854415287	0.026104369306221783
CCGGAAGTGVCG	150	0.0012640840025955858	0.02075542765549192	0.020641018112316313	0.007650372499662526	0.012045283477665803	0.026291882310422773
TGAGTCAT	149	0.0009903556639703293	0.3422614863536159	0.33954786940685977	0.28769831484066744	0.3454509406515534	0.3676881664707171
KCCCCTCCCCCN	148	0.0012472295492276446	0.003956093077366097	0.004028862893314403	0.003588067000313353	0.0024225424848156895	0.006509549832509294
TGCGCATGCG	125	0.0009359089547768794	0.027103989501346026	0.02624834196242292	0.01570475200648774	0.032990115721771	0.054790310595151846
RGCCAATCAGMG	110	0.0009269949352367629	0.008915553824136554	0.008868631064200022	0.0016289977654541138	0.005948614679597579	0.003366554739615583
TGTTGCAA	103	0.000684608277778147	0.012489747622226047	0.012085187279044502	0.003723961161495399	0.0076929299705963405	0.014575076876850961
GCGCATGCGCAS	99	0.0008342954417130867	0.030596506229058275	0.029688684590294993	0.014850739053994842	0.03676740892016313	0.05668435869303326
AAAGTCCA	88	0.0005849080431502616	0.12798127029681333	0.12428701823265288	0.05777763196754807	0.10478976174587028	0.08381459406710318
GTCACGTSACCS	82	0.0006910325880855869	0.018828433138123785	0.018676181507109018	0.008874155693344382	0.020107733238280023	0.012597882840400976
GTCACGTGRC	75	0.0005615453728661276	0.009979836610032657	0.010046692489738336	0.003938451444368479	0.015306133566654565	0.006418385709105357
TCAAGGTCAC	62	0.00046421084156933213	0.006806865873192533	0.0068226779831457845	0.0034323220807511608	0.004026569602508532	0.0050285937123429
TGACCTTGAMCT	62	0.0005224880544061755	0.01788795749938633	0.01743679436413178	0.009960674737922798	0.01142031637038824	0.011062777587570568
TGCGCATT	61	0.0004054476208200677	0.014893514324671734	0.014363609244261295	0.00464453673565411	0.010398728347665705	0.021955825079398847
CGCCKGCGCAGT	57	0.0004803519209863226	0.009643702474758107	0.009257988823440495	0.004477434111309696	0.011474678233698455	0.02218160973424222
AGGTGGCGCTAT	53	0.00044664301425044033	0.33152695707303453	0.33077715657013984	0.29593039712812935	0.3168713815904162	0.3370347209427802
TTAATCATTAAC	45	0.00037922520077867576	0.1897720761196284	0.17685357137702787	0.12402885873582366	0.19217093303236163	0.18337782085373533
AASATGGCGGCS	39	0.0003286618406748523	0.008164902491568303	0.007396645878313598	0.0032843316839183167	0.006222385352627617	0.005977586755531468
GGGAATTGTAGT	30	0.00025281680051911714	0.004919939888447352	0.004958121784506043	0.0026560554095278618	0.0020723381801067958	0.006501300360888808
AAWTATTWAC	29	0.000217130877508236	0.1262969220586793	0.12341891399957429	0.09926410513833753	0.16290428250467848	0.18644408478218832
AAGATGGCGG	26	0.0001946690625935909	0.011921528895610293	0.010501930586280763	0.0030475286646853453	0.007440570545198517	0.007845507769360431
ANTCTCGCGAGA	19	0.00016011730699544088	0.03425820716319145	0.03159296931216487	0.00319631229219018	0.027436270489288036	0.018917756960560653
TACGAMTCCC	18	0.00013477088948787063	0.0015687089556513127	0.001547166923518921	0.000819064747263111	0.0007777161182276483	0.0027975799001666835
