Motifname	numhits	dldefault_dinucshuffref10	dlrescale_dinucshuffref10	dlrescale_gcref	dlrescale_zeroref	gradtimesinp	intgrad10_dinucshuffref10	intgrad10_gcref	intgrad10_zeroref	intgrad20_dinucshuffref10	intgrad20_gcref	intgrad20_zeroref	ism
WAMCGCGS	8423	0.6244153505141627	0.6254442843402404	0.6363459540499196	0.6364488445551334	0.5950267209226232	0.6272823593486698	0.6596459919207023	0.6564096196853018	0.6277104516330176	0.6546788947783404	0.6593487063254057	0.659663653109249
GGGAAAAA	6894	0.6188666404285545	0.6213784108825389	0.6112557554849323	0.6008716805170822	0.603216449287973	0.6327942262607315	0.5984257001455939	0.6057445745618684	0.6333120859850716	0.6019673312964564	0.6025685146379381	0.680825409972838
CGCCGCTCTA	6502	0.6333379588538612	0.632504845009095	0.6724589452959753	0.6798868528806336	0.5895650973615383	0.5961780709131546	0.6881397405459655	0.678104416125431	0.5963843817256717	0.6827408376427694	0.6840763028433764	0.5787040164029813
KCCGGTTT	6495	0.5846704964092966	0.5851801103041501	0.602848247695572	0.6037425194112045	0.5723907884886805	0.5942249315729179	0.6230787000319548	0.6259831164673684	0.5942924540837425	0.6208083189883453	0.6288512345611112	0.6465077693735098
ARVVVGCGBN	6438	0.6979971496341806	0.6972236718179066	0.7333409440673666	0.7363448532233705	0.6531835752721353	0.6656134479233456	0.7425305265050359	0.7297736763385165	0.6658188474349428	0.7375664062151399	0.7347300805585092	0.6370101106352373
NMTTSGTTCGVN	6117	0.6173000975861281	0.6188499258493454	0.6078580335407828	0.6029004347494817	0.5545346276426593	0.5980571846493342	0.6058700316856644	0.6051137916065743	0.5979612292377108	0.605188034504787	0.6062270497402329	0.6037820422091059
ATTCCATTCG	6097	0.6321997389086896	0.6325817774190003	0.6063103549385819	0.6052163411508993	0.621987498071893	0.6142118506622851	0.6269291351475266	0.6301018007863805	0.614282157109658	0.6252586392539201	0.6317788873803384	0.62920222026361
TTYCCCGCCC	6085	0.6590976493586681	0.6588092957548962	0.6697138640131777	0.6667368270123684	0.6299030474856909	0.6262674650992446	0.6845092709903832	0.6682033284910386	0.6265792949386422	0.6825503219147325	0.6707847872699261	0.636912485211029
NTTCCGGN	6005	0.6991151557887327	0.6990034137751966	0.7051238675975844	0.7068417232026903	0.6740113067130227	0.6812668174310996	0.739014483193347	0.7324537812868911	0.6814832376602277	0.7376400862116449	0.7356132807039133	0.6929313369936313
BCGCTAGG	5769	0.7166966106483779	0.7165384231469518	0.7075202892354182	0.7075555312209396	0.6729537560253218	0.6996588531184524	0.75432881357857	0.7394786327386973	0.7002670472843114	0.7488773756534323	0.7441521777818874	0.6889493331024948
CGCCCTCT	5599	0.7831173430099533	0.7823505469207741	0.8010746257631787	0.8084154516088139	0.7658961716094437	0.7671139018066817	0.8073617959794348	0.8032241902970527	0.7675699552656917	0.8061095305738324	0.8055136757662144	0.7200185249218167
CNYYTAGCGS	5201	0.6955767161646715	0.6951854463838547	0.7008829698800112	0.7056715782372573	0.6634741159944185	0.6796643378818124	0.7351051885840822	0.7235135602385434	0.6798860799743225	0.7308127962000339	0.7277690173610726	0.6674485631426704
TTTTTTTYCCCC	5082	0.6161872466061389	0.6187416127218148	0.6196262544776672	0.6140170459968924	0.5942272548271244	0.624708831232196	0.5942019106390017	0.6021638010227126	0.6247821913507624	0.5980159402929941	0.5990827362764505	0.6542314404568257
GCGGCGRA	4867	0.7085332291891457	0.7077132249816307	0.7469340802444178	0.7560815538913117	0.6755734832974839	0.6879407896251845	0.7695074630540248	0.7654659234487683	0.6880978723143869	0.7660324420351623	0.7698417841570111	0.6699413217900188
RGGGGAGGRG	4733	0.8513132416905761	0.8504811183745471	0.8458075506857874	0.8472100359400913	0.7713475377795433	0.8051865434909197	0.8325711312575503	0.8228982748926134	0.8053384749652044	0.8330586232468838	0.8255613320022088	0.7542935845759731
NTCTCGCG	4540	0.6708783164449326	0.6700383222036359	0.7282968505089766	0.7417978376549117	0.6336527568845712	0.6545862293674201	0.7519758883189989	0.7427437077027657	0.6548736462325617	0.746131535688097	0.7488293399983464	0.6134513310007274
RGGGGGCGGGGH	4446	0.8569289527508707	0.8560942417887851	0.8435331864462503	0.8426822946297224	0.7592732559786853	0.8054247368795937	0.8322050032185122	0.818802718821674	0.8056120346990325	0.832684221593437	0.8214902970711311	0.7540394849376977
GGGGCGGG	4442	0.8509218559888343	0.8498530314403645	0.8618810132278075	0.866343548729533	0.7458376105960922	0.8087882379624387	0.8448352582047411	0.8331570606741142	0.8090154993543544	0.8459287542917708	0.8353840182266603	0.7156508078476778
CSVTAGCRAC	4401	0.6565363144958642	0.6563547826769969	0.636472948971962	0.6346328101257269	0.62406314933126	0.6438587205770459	0.6741337102816549	0.6661105341005928	0.6438696965442205	0.6698782627290361	0.6692703687119097	0.6494064440531014
NBNSCCTTTARN	4249	0.6284653905204682	0.6303099093676847	0.6172841623196467	0.6119626354632322	0.5970531033513164	0.622172147707351	0.6148693213227338	0.6176614581696033	0.6217533251152708	0.6144236413508996	0.6167765723915097	0.6331102522059271
TTAAAVMGCS	4035	0.6325402045811092	0.6346614331420783	0.6230811479957612	0.6193047915489266	0.5836339708899515	0.637028379759279	0.6232275878556937	0.6318071285206891	0.6369983756359233	0.6247446085777152	0.6321476564153496	0.6529808076051044
TARGCGGW	4006	0.6420667383300313	0.6420708456271285	0.6618840133685179	0.6677081372947596	0.6161999038364445	0.622724419081478	0.6867863142433065	0.6883547030527586	0.6227901771894438	0.685469156350761	0.6921080542581661	0.655403401957034
THTGCAAATGNN	3969	0.6480537848004723	0.6506361607401534	0.6219124853692044	0.6152544577115964	0.5964294184028048	0.6416797447934305	0.5948036348503974	0.6090464436967435	0.641691121020628	0.6014747143697627	0.6056491644657281	0.6455377408771594
GCGGACTA	3916	0.6506205184432002	0.6502437804887191	0.62595842936435	0.6264338899812548	0.6275585472209451	0.621958315987368	0.664352336301073	0.6572497717242367	0.6217823043334176	0.6609755287864605	0.6603431289494657	0.6573848170123948
CTGCGGTTTT	3866	0.5478664722515596	0.5476541845403231	0.5591760856308406	0.5544434256928914	0.5372316257415858	0.5257855072311497	0.5753626973127532	0.5703325851701121	0.5254652441308815	0.573920999925753	0.5727801553221615	0.5789866855431702
WSCGAATS	3565	0.6698999993319928	0.6702939144259625	0.6496863549452788	0.6462814984860817	0.6496311405520465	0.6571120450948059	0.688946409358924	0.6850177567806247	0.657601252643536	0.6859672494281305	0.6871724457405288	0.6906960480515065
AAGCCTTTTC	3562	0.6125543472706685	0.6147441069749173	0.5851429405780861	0.5762064453502869	0.5938403632850385	0.6300437452989979	0.5776166736464612	0.5906130249795603	0.6302140654549058	0.5806448461681271	0.5875310086938844	0.6641403107002928
GCCTTTTA	3555	0.6878632739185266	0.6904486665828932	0.6439689121888469	0.6352286664087875	0.6783595954072905	0.7077866598646788	0.6554240237781338	0.6687317061873095	0.7080420014978482	0.657923212336676	0.6672100185892881	0.7277958350402757
CGGAAGCG	3244	0.6997069966863159	0.6989555418030345	0.7127751564576232	0.7276497803639553	0.6715935248077293	0.67513691593598	0.734560012433444	0.7369360398922599	0.6754950446523323	0.7308352444486018	0.7412325758883203	0.6574958403163409
CTCCTCCC	3088	0.8006954640094017	0.7996485851428786	0.7771544607181418	0.7752767342698091	0.7670496870439776	0.768469508863067	0.7852043768500448	0.776764271842951	0.7682228963421793	0.7834474088674344	0.7794484992580051	0.757762116912314
RYCGAATGGAGG	3045	0.6167156965040053	0.6159087984872622	0.6308793485764532	0.6285508289111225	0.5758810228534744	0.5881350285548215	0.6584486003503518	0.6428166950382299	0.5881399737307096	0.6531849180675355	0.6468746411436125	0.587256744753129
AAGCTTTC	3028	0.6370231439168887	0.6389664401082509	0.5983404861752133	0.5863264613123184	0.6192586031291146	0.6618512504329918	0.6093091422728554	0.6202420539179505	0.6615257193036943	0.6126349110618932	0.6179368215566433	0.6923883822168021
SWRGCAAC	2721	0.6458452184618114	0.6468785250706677	0.5889721648748504	0.57331645822034	0.6239232779897265	0.6345717859815166	0.6254320542861788	0.6161430033699123	0.6344646507378118	0.6257807259686677	0.6176159321505691	0.6757160527679876
KGGGCGGGGC	2629	0.9118963829270148	0.9111491511901677	0.8879970679366691	0.8892387021448026	0.7786972380297854	0.8671097410570039	0.8831853890251304	0.8725297479938939	0.8671988525012181	0.8851808591330436	0.8750066917603473	0.7771718045025593
TGCAAATC	2579	0.7187171470961784	0.7206592840027777	0.6695547157295765	0.6685716237618275	0.7086054796945547	0.7213516843865702	0.6776458168071346	0.6999968354633377	0.7218111087322813	0.6826787076914929	0.6977995029568937	0.7139465639152527
NNRAWTTCCH	2431	0.6729098547923235	0.6746111178264607	0.6311428689282382	0.6254260513938042	0.6607738455675258	0.6656967923638577	0.6232151853705555	0.6340060603592954	0.6650780742513885	0.6283641284621586	0.6301062815538186	0.6944671414109739
BRYTTCCGSY	2426	0.7465370196760842	0.746164546268566	0.7264289320641816	0.7267973318018575	0.6963185714476378	0.7158240970481274	0.7627020635259145	0.7566479980393996	0.715722405671227	0.7603279019134556	0.7599170169401301	0.7357232047119926
GCCCCGCC	2252	0.8781157695685711	0.8773914075445085	0.875224012452778	0.8788414053369121	0.74524398803258	0.8397251278917588	0.8670625988369366	0.8540043407297825	0.8394034148253127	0.8699569749616886	0.8566255790819529	0.7119533087850796
YACGTCAC	1899	0.6524899290407092	0.654112063742597	0.6303537097698033	0.6284701089874896	0.6243565947041341	0.6300836232405539	0.6388133171895397	0.6424532378919114	0.6306017500181555	0.6386100855850549	0.6445038618895859	0.6998591244831625
TCGCGTTTCC	1851	0.6066579934148026	0.6059502474724567	0.6367542809800599	0.6351910464824214	0.5793550992764032	0.5894167116423202	0.6556927981228144	0.6446346160905743	0.5899463953312497	0.6480807133528144	0.649603226909226	0.6149547652638292
CCAATCGG	1832	0.7397389323969186	0.7418049140545185	0.7121803195570243	0.7106980150887006	0.647876382469692	0.729646462804394	0.7201622457143142	0.724018212450139	0.7307449480296662	0.7216567903221771	0.7249508075084266	0.7198285383234553
ACATTCCY	1673	0.7751042181080019	0.7765998751235264	0.6992367059979835	0.6953081839320057	0.7807672993060094	0.7564660048700423	0.7141271314239548	0.720923796904773	0.7562869434658686	0.719298797286998	0.7190993820362583	0.8141350945374926
TGAAAGGVAM	1666	0.6157872810170375	0.6179205244864654	0.5829638106806444	0.5754498643844673	0.6028891589108571	0.6219907747440937	0.5716327402061143	0.588820575286118	0.6218386755107604	0.5737964308271873	0.5839971949049272	0.6377307129187746
TWTGCAAATB	1640	0.7535612417652154	0.755507774005381	0.6929671439044148	0.6883887125803966	0.714306912642333	0.7473173699658606	0.6984221935673508	0.7148308867329505	0.7484984406840532	0.7033964233861247	0.7123160878365078	0.7535703712559273
GGGGGCGGGGCC	1632	0.922327591714827	0.9219111781331877	0.8990173841847137	0.8999524082355139	0.7702521780415336	0.8739913000042348	0.8921509205256708	0.8809897694019048	0.8738739488075756	0.895136386631652	0.884609859166247	0.7561498739081322
GGACCCGCCCCC	1594	0.7549997213526163	0.7540081655280706	0.7714150798059093	0.7709018046444615	0.6770539513003441	0.7057638833722596	0.7709246438966378	0.7460916817624541	0.7058478491505826	0.7698951736123829	0.748301128574073	0.6545453947564195
STGACGTCACCG	1585	0.5905517768551996	0.5901140811805159	0.6061207151475213	0.6037100000872533	0.5266080278064067	0.5555594327801947	0.614526262209145	0.6061535266590511	0.5555440606015117	0.6092947429243738	0.6096812214890703	0.6066797847288552
AGGGGGCGCTGT	1499	0.8005018154889276	0.7999033496707575	0.808453445188501	0.8078423517746929	0.7575013808173394	0.7667597518153834	0.8140347812647738	0.799027259005254	0.767191686892471	0.8110322191918699	0.8020968409910368	0.725259281807946
CCACTAGGGGGC	888	0.9412989091524625	0.9412389983864919	0.9176921697441819	0.9181499398269365	0.9174721226524066	0.9255090043649028	0.9238708183754041	0.9205041153876952	0.9257106996019849	0.9241130305192872	0.9209919082244137	0.9069228322835049
GTTGCCTAGCAA	799	0.6342671359066859	0.6362427403045673	0.5769487289406159	0.5687553805604757	0.5759369416613036	0.6257066410876392	0.5717988626334788	0.5781183410437879	0.6249822517268828	0.574937745925225	0.576447897500675	0.6354033760525586
RGCCAATCGG	774	0.7961888763192099	0.7990373600670417	0.7726516540041495	0.7698105756205437	0.6411853813987043	0.7761649635933894	0.768126418121033	0.7705076744732633	0.7767187406182615	0.7708788830482808	0.771834934557987	0.7500912299731746
CTCCCCCT	755	0.7692566408908488	0.768672135729717	0.7789155992942445	0.780049438655844	0.771455704647637	0.75387600453539	0.7816387735511572	0.7889026445927291	0.7546984373546849	0.7850128269576442	0.790184528688353	0.7199541452835363
GAGCGCGCGCGC	739	0.7123248757959187	0.7114362698306693	0.7778376553778995	0.7798530734407662	0.6123849767407122	0.6557240802191708	0.7648772869940075	0.740737623689851	0.656558041847691	0.7588370045544044	0.7455436915999276	0.5914028426620809
CACTAGRGGG	636	0.9389018402877992	0.9388903934878872	0.9221098112175382	0.923326189825939	0.9254535147298719	0.9308986757441743	0.9286806099858549	0.927182113563325	0.9310594976434448	0.9295375656793501	0.9271100875803161	0.9183292187575841
ATAACAAAGG	589	0.7332061117715387	0.7352179686812076	0.6967188824175131	0.68678982715181	0.6771160647680683	0.7273737493406142	0.6748019485480297	0.6896014975930842	0.7279588053063076	0.6800559712927263	0.6836945699046868	0.7749141404170617
TGCGCATGCG	430	0.7553823957158908	0.7540296309780871	0.7510387142269538	0.7623678554459882	0.6582278662309655	0.7062156436366214	0.7796282824531239	0.7710086826267999	0.7076393004958054	0.7738417227090661	0.7744812369432137	0.701307976525321
CTCGCGAGAT	397	0.6715559116473421	0.6710697996141064	0.7101873982557426	0.7130167525668641	0.6231523092143916	0.6560391883987161	0.7702040021843177	0.7368814744745502	0.6562209504573074	0.7590005349383031	0.7449513410016682	0.6379162313350852
TTGTHATGCAAA	371	0.8377947327595651	0.8384054251526928	0.776135570636688	0.7747414070002492	0.7717172826081634	0.8247554175997996	0.7519382162526298	0.7795154655158297	0.8246413622730813	0.7595787029835082	0.7735742359858623	0.8211964441936328
TGASTCAGCH	316	0.7781763962352893	0.7807817838172066	0.6971912767893526	0.6913273012965984	0.7185168570366587	0.7091503823460164	0.683258290918545	0.6914176945881427	0.7084348933652609	0.6858012126720167	0.6948530881451197	0.7874472786082476
CSHCTAGT	305	0.8314380822301207	0.8311437212157927	0.7728127434897665	0.7664298385475428	0.828558399761208	0.819570372935323	0.813462375601365	0.8117216427818018	0.8195276941339155	0.8165094539253395	0.8097850833666211	0.8336805348881975
CSBCACTTCCGG	297	0.8262934548234044	0.8250903795385	0.7887638819419882	0.7984395943411535	0.7838369321820612	0.7764080104490786	0.8231956658886878	0.8206376285581165	0.7771021331471937	0.815190902575913	0.8240976265600413	0.8173308199132843
RRCCAATSRVVR	253	0.8041576576782151	0.8080724004666635	0.7612802758546608	0.7575180682058291	0.5588194596783187	0.7737017060107934	0.7464932347173794	0.7466966175309144	0.7743403168526573	0.7451905852556233	0.7487010847012449	0.7281296969908211
CTGCGCATGCGC	210	0.838850595866025	0.8372215019430445	0.7839178989992914	0.7913896203259839	0.6921065188921584	0.7946456715494663	0.8221369852294812	0.8147032008219064	0.7960701530078089	0.81613553555487	0.8207443536902176	0.80121639342114
TGCCATGGCAAC	161	0.7804526639712526	0.7800724194873893	0.7445666092924696	0.742564340112694	0.6732273610697154	0.7513046867129912	0.7439981686234598	0.7421320425507685	0.7531487467396225	0.745546458167985	0.7454643127750739	0.7685641744594243
GTGTGTGT	135	0.4717594687560097	0.47437780601367874	0.45300252447135086	0.4525714412325397	0.48052421058073636	0.3780979172188149	0.3856911588962546	0.38565454880649347	0.3768211886291697	0.38859080981075417	0.3847171396180086	0.6456957323168409
TGACGTCACG	129	0.7511175216790342	0.7521796353650194	0.7413164814369423	0.7465081028993534	0.6462787088576578	0.6875824397764518	0.7148145545571017	0.7288961801435955	0.6862838155751274	0.7152134541308282	0.7336249663418737	0.7614489202728045
RATCTCGCGAGA	102	0.6579094164013721	0.6564997455073156	0.6755692184323789	0.6698160845085412	0.6119122635443892	0.6513443184552183	0.7757182580445945	0.7358895761774984	0.6528871302558741	0.7639366954677231	0.7376188243489811	0.6329192494731746
GTCACGTGRCYV	77	0.6294281856969933	0.6278539740517689	0.6602441607855809	0.6567740527944652	0.4990170630153161	0.5669355003916753	0.6251235777119248	0.5916452674213528	0.5675638745879783	0.6229151647181836	0.5935120798030826	0.5797197155324141
AARATGGCGGCS	68	0.7453416518833338	0.7470973816051819	0.6168785073391139	0.6118851368178244	0.6548651916061872	0.6966790317617897	0.7043721127631922	0.6914739261423402	0.6980507643402434	0.698757496214282	0.6971540574016785	0.7624259029798108
ACACACACAC	56	0.584784881841979	0.5898161300376843	0.5191197741691747	0.5192355926996897	0.5955111087060793	0.4848190556506321	0.4552636475907371	0.4654087822376678	0.48385129762994106	0.4625101946551139	0.4688679352570978	0.7992960157925612
GCTTGTGTGTGT	50	0.5874626639466037	0.592373853096664	0.5410100925499393	0.5369835220825631	0.5340530731325991	0.45162009256988106	0.4361322859894827	0.4346754969000457	0.45404589408107143	0.44059873289740537	0.4283695376890234	0.7525347037345027
GGGAAWTGTA	47	0.8064631001067601	0.8069595451973312	0.7386528179233653	0.7320745482139349	0.7487659508950437	0.7568367200807983	0.7535440115361689	0.7417334875330897	0.7582249124827537	0.7575933000163683	0.7373263833502383	0.8352021187811887
GGGAATTGTAGT	24	0.9099851632935095	0.9089538393634042	0.8565547399355348	0.8583644591747946	0.8778407938967427	0.9079692125045783	0.9053172841648072	0.9039403852890597	0.9070930192365345	0.9119018204878165	0.9026834696356032	0.9225056701212528
CRYGGTGCTGAA	17	0.5714826489245558	0.5725345207390716	0.6689785089461892	0.671506426600122	0.5949228386861256	0.6104754561483708	0.5917597157377126	0.6081981014693244	0.6099631862460635	0.5920903978660855	0.6145210628327715	0.584230626795716
TATTTTATGTAC	4	0.2852650964485631	0.3046530224804022	0.2989496648778863	0.3002907515868695	0.3097067756287154	0.39256748806981223	0.24535405686207645	0.22369774996560038	0.38756957198893627	0.22660825710576538	0.21136872605736462	0.4684794768864453
