Motifname	numhits	baselineauprc	dldefault_dinucshuffref10	dlrescale_dinucshuffref10	dlrescale_gcref	dlrescale_zeroref	gradtimesinp	intgrad10_dinucshuffref10	intgrad10_gcref	intgrad10_zeroref	intgrad20_dinucshuffref10	intgrad20_gcref	intgrad20_zeroref	ism
WAMCGCGS	8423	0.012920396063904037	0.01938834213149911	0.019419495567861503	0.019223991569095635	0.019218309140669673	0.017478948467111528	0.01966816269730088	0.021117776981055013	0.02084478442387881	0.019680142630757947	0.0206327144311233	0.02100116907823348	0.02183238198498066
GGGAAAAA	6894	0.010574998274314903	0.015604482702252662	0.01569161253558665	0.014632459221827905	0.013859673011726036	0.014791858921110745	0.01691740974858181	0.014086376956365398	0.01436358875639252	0.016964844021471717	0.014456307936222806	0.014120442784642117	0.019368232247628625
CGCCGCTCTA	6502	0.011376022871019836	0.016445393627618588	0.016374576346741058	0.019315916404101807	0.020043405371164988	0.014288858358305255	0.013937415336321332	0.019526757508335907	0.018757849386212295	0.013942388765011592	0.018874647933593027	0.01926195215334113	0.013656761819718423
KCCGGTTT	6495	0.00996295529325142	0.01219668555619095	0.01220074131684357	0.012459274396932174	0.012473298358578615	0.011756276248035673	0.012661150365814822	0.013326349053372785	0.013460609307269509	0.012654487216732072	0.013175366023495309	0.013561754232421659	0.014995485062248261
ARVVVGCGBN	6438	0.011264047253710505	0.06838259966756867	0.06817428815477453	0.07312301599326072	0.07484568241177542	0.04519926950959323	0.06128221417239931	0.07428365878659796	0.07291623701138321	0.061129910554763904	0.0730046285533563	0.07341837365857978	0.052600350330386646
NMTTSGTTCGVN	6117	0.012198405054052276	0.01727448613729743	0.017347931159787968	0.016311859104418375	0.015987476828404377	0.014089560933509125	0.016736442921975802	0.016810566816414723	0.016657623225545655	0.016733210645081684	0.016701658616736906	0.01672145930454731	0.016668510241571864
ATTCCATTCG	6097	0.010667427167734226	0.016355816867982438	0.01636124732188086	0.014656993592465972	0.01461881203121167	0.016049624568444366	0.015524231724983682	0.015898828872722173	0.01618952056031471	0.015533933669901136	0.015775427245475915	0.01631154000897083	0.01657354791308899
TTYCCCGCCC	6085	0.010646431739488727	0.021274480979965035	0.02121211386414905	0.022315254667896696	0.022157181661365644	0.018326816377449158	0.017797623754818415	0.02212659371285026	0.02085464246117976	0.01781062409329002	0.02183416007724615	0.021176083713994272	0.019288245728743977
NTTCCGGN	6005	0.00921132356212083	0.018829739020763046	0.018749521174981517	0.01801025753980313	0.017993491999860122	0.017018729560149687	0.016547500813464365	0.021234417811353254	0.020500426418719894	0.016561616012197966	0.02075649477613015	0.020777066403561823	0.018658504414339985
BCGCTAGG	5769	0.0088493131773314	0.030682018082504633	0.030691399976465673	0.025759370751520055	0.024860873200762287	0.02103512312208092	0.028282052484190967	0.03252729143875	0.02963577367411548	0.028239369251170904	0.032082583673816334	0.02957273232949919	0.02403709018316723
CGCCCTCT	5599	0.008588542984898338	0.13520080025522876	0.13489991528672343	0.14084141053744037	0.1470970449507199	0.11487652927391905	0.13009993665428082	0.14473080311812128	0.14707334667078814	0.12997328981331982	0.14447694996597227	0.14768764336024492	0.1167081919071411
CNYYTAGCGS	5201	0.009099768525403593	0.051846092189649425	0.05195731332186177	0.04657054996057265	0.04632841970559579	0.032855899278726834	0.047856733081854605	0.05265943786866397	0.050661755289080714	0.04772636742000744	0.05227118229837552	0.05062817193224514	0.04208292642692147
TTTTTTTYCCCC	5082	0.010134427739855102	0.01617594023172417	0.016249316927402266	0.015555418631681415	0.01511959054000574	0.01498964630492744	0.01704215579823562	0.014316862054264315	0.014907250986269853	0.0170590082516375	0.014764137283834081	0.014612809523468594	0.01855661243988697
GCGGCGRA	4867	0.007465697215127739	0.016480802708074817	0.016378447889715597	0.019572507686587904	0.020475628274554562	0.014174926955320698	0.013843850109781463	0.020471452281783566	0.01976291913766447	0.013852451137793629	0.019647612990038102	0.020258999535937714	0.014201127465614529
RGGGGAGGRG	4733	0.008280946823829112	0.0659792402670086	0.06586742523368644	0.06989623050160756	0.06995116523507432	0.037412076313817315	0.04324387314621835	0.052250878395165776	0.04996511810862219	0.04325745923113027	0.053058147608687774	0.05110006731871975	0.04778438494853244
NTCTCGCG	4540	0.006964098080271201	0.011231888061534108	0.011172963106048357	0.015166575238975535	0.016200058225625976	0.009631632690464402	0.009976028900624346	0.015691823579713556	0.014745381294182652	0.009983773246197538	0.01487893764681172	0.015244378578320615	0.009125598450207563
RGGGGGCGGGGH	4446	0.00886612863663829	0.07341141914563463	0.07328399172237915	0.07564767325150903	0.07406821421042183	0.036245346209868634	0.047603913618281	0.05779049958619607	0.05325016291854287	0.04761845860150701	0.058588733012065596	0.05448145599924905	0.05016059103172048
GGGGCGGG	4442	0.006813771734045082	0.06459154239636736	0.06448592566838268	0.07319153448247319	0.07487205321128201	0.03194955214215983	0.04102776477110453	0.05388672311691746	0.05133380051841366	0.04106483193831185	0.05489121162256448	0.05231443083156179	0.03777790688099242
CSVTAGCRAC	4401	0.0077000733090369575	0.018557605441224707	0.01862614842712039	0.015426654843236905	0.014860695058716466	0.012891576756058058	0.017055725714520437	0.018231882722631158	0.01702259569588405	0.017107570084736578	0.01796733007503313	0.016963152318468424	0.016762603930139168
NBNSCCTTTARN	4249	0.008473274983597862	0.013725598324854241	0.013904548168585974	0.012826773827499721	0.012575483993470724	0.012353213246810942	0.014371747657289284	0.013029722276458367	0.013228155096425916	0.01435786138268966	0.01307386880907046	0.013310030733750792	0.013522013488406837
TTAAAVMGCS	4035	0.007059712747549221	0.011527975957965307	0.011562894434013787	0.010650469849338037	0.010495635485918607	0.009183886880717886	0.01220267274315232	0.010916746646300393	0.011318431676254488	0.01215873251269711	0.011006185925194104	0.01122134658387731	0.011596440364961238
TARGCGGW	4006	0.006144972887569699	0.010420405907859615	0.01044141031819781	0.010393768218760844	0.010581132137787405	0.009085577697986957	0.009615699226309614	0.011731832679069845	0.011682844161547648	0.009583544799884153	0.011661489285351581	0.011706772870043894	0.010295924612960538
THTGCAAATGNN	3969	0.00791490430922568	0.014366213563014776	0.014518798491366834	0.01241540124433381	0.011960140177371733	0.011846169138354457	0.015215284077670883	0.011690352122510439	0.012645238324337404	0.01523011660171292	0.012280582935313847	0.012308262276052282	0.014682200290155264
GCGGACTA	3916	0.006006918079811018	0.009458300718718818	0.009439528305772183	0.008314152113063715	0.0082713418259003	0.008473498364362545	0.008367328123743967	0.009543679428405326	0.009240299552637306	0.008366408736487401	0.009360945413978769	0.009341588644243084	0.009717343054413451
CTGCGGTTTT	3866	0.006764027133091769	0.007654202332219834	0.007653482979890319	0.007546099481435532	0.0074600135124683635	0.007655078360246451	0.007172525847808203	0.00790413198764017	0.007857310736329358	0.00716789326432003	0.007861006760934807	0.007903366898260676	0.008734442706493002
WSCGAATS	3565	0.005468504329552166	0.009771049538026736	0.009796869193969143	0.008366069684522004	0.008158926483370754	0.00897660957425432	0.009313835242806821	0.010201843131816955	0.009831605084373113	0.009337999168564093	0.009975055008623872	0.009927838140812297	0.01042304219015114
AAGCCTTTTC	3562	0.006232142950872447	0.008516046035881164	0.008572942636756608	0.007750692347249379	0.007511254559424296	0.00818315430594346	0.009829592769195941	0.007513320004631152	0.007961430844926383	0.009846706590401204	0.007689735872820846	0.007854237619045721	0.010440328664699695
GCCTTTTA	3555	0.005453164906467868	0.009909808008647847	0.009990624568548767	0.008462300708493097	0.008078948100687933	0.009937384010475996	0.012040063713907678	0.0086203038222334	0.009225050942329468	0.012056062110816909	0.00885919385802991	0.009095309874406219	0.011606832090610227
CGGAAGCG	3244	0.004976108848546206	0.010627958316406989	0.010573372595106469	0.010624863753549289	0.01151261649199758	0.009454273348576297	0.00866002005915711	0.011442220829538937	0.011471389807931533	0.008668756845370447	0.010998619027013615	0.011747456684286074	0.009920944141768478
CTCCTCCC	3088	0.004736813848431161	0.024000621892166535	0.023878736128399	0.0210228736770439	0.020460840472808342	0.02168438233972722	0.01836285127124865	0.018962455002401585	0.018590643617461704	0.01832620833056585	0.019187051408785346	0.018822340602842665	0.023967246857755645
RYCGAATGGAGG	3045	0.006072281083797479	0.008355777619858932	0.008344057963924569	0.00860091596032084	0.008547605234360914	0.007280636104013264	0.007807047521341033	0.009569156447693473	0.008929087129874017	0.007811511294533265	0.009246163315747256	0.0091290634923986	0.0076327770612602125
AAGCTTTC	3028	0.004644777309925374	0.0066213164373385945	0.006673130991141682	0.0058186908273536115	0.0055719677146335985	0.006544309045395869	0.00803312266152775	0.006052588818773277	0.006395525314741005	0.008027621761790891	0.0062020722681497996	0.006306169036383701	0.008342425187063228
SWRGCAAC	2721	0.0041738570212374315	0.008562532107373318	0.008624114468148855	0.006216819876396096	0.005829755585345642	0.006815893203446164	0.008371543780669259	0.0071085541608999535	0.007059166840897911	0.008391998743482298	0.0072700161755255245	0.007027416396045715	0.009653144912919446
KGGGCGGGGC	2629	0.004599748404784858	0.0719113728615557	0.07190355678113913	0.07316806308038339	0.07281952473059577	0.025542453941566	0.04372347136645809	0.054357063895318046	0.050324674558327495	0.04376769697900677	0.05533775517697121	0.05183144347076414	0.04325150163426295
TGCAAATC	2579	0.003956037213440402	0.01070272974588555	0.010829833443585233	0.008141128678828085	0.008037666411395292	0.010975561678844526	0.012379240429391753	0.008817443038588724	0.010393339500907104	0.012420135632685757	0.00938201045489142	0.010114386466328151	0.011000451416185622
NNRAWTTCCH	2431	0.004253323838734116	0.00884350242663527	0.008889756999040774	0.006774918644225082	0.006548707859577232	0.008985414100575113	0.008732208369121686	0.006786736265882263	0.007185169468173993	0.008734028126280201	0.007013337994369557	0.007044388589063425	0.01017665279797161
BRYTTCCGSY	2426	0.004244575743631824	0.011569077763040421	0.011490201543145274	0.00993130540369986	0.009796290783919406	0.009192922243063407	0.009160867531428274	0.011883946131410715	0.011200181986195679	0.009164893046793845	0.01151511008087244	0.011421893583720595	0.011698659461732923
GCCCCGCC	2252	0.0034544380785838645	0.04369363205716138	0.04385105826520043	0.049748671573768395	0.050390509669256345	0.015170053158353698	0.026094313522766074	0.03453889682259002	0.032502428137112994	0.02609116517064016	0.03524585234516975	0.03333846411939891	0.02199978825605789
YACGTCAC	1899	0.0029129564437081522	0.0066130567750124075	0.006647133102290827	0.004942114528546448	0.004878658262651456	0.005564309009317573	0.005933916877561731	0.005515061641478558	0.005659709702843423	0.00589730449991843	0.005508986817136883	0.005628510675141025	0.007484017915993562
TCGCGTTTCC	1851	0.0032385448068683043	0.004572466114519566	0.0045559727629157195	0.004947000101255391	0.004914733929821144	0.004167717237845208	0.004088157789476971	0.0052192313094935475	0.004932411934193533	0.004096698598526604	0.004994531621590596	0.005022718496396007	0.004737860139852892
CCAATCGG	1832	0.002810182309043357	0.007879846683878191	0.007955986491150946	0.006889578155389782	0.0068677108981977045	0.005359206210575897	0.008169124541303856	0.0070366378714915145	0.00755180765004803	0.008204190581492845	0.007281285149596174	0.007521585219002443	0.007649720986426757
ACATTCCY	1673	0.002566285482003022	0.01087813527205606	0.011008819094063819	0.006362499843365685	0.006109608588120948	0.01366755071276509	0.010640955025649691	0.007472301990000832	0.008133975366175217	0.010673978936032382	0.007840655491041015	0.008020149450129018	0.014581827033270128
TGAAAGGVAM	1666	0.0029148652880835197	0.004121597773885097	0.004147946952042257	0.0036813388862400077	0.0035638055790784915	0.0040948358638911156	0.0045260515090129756	0.0035034524961905338	0.003764850688089901	0.0045286291065184565	0.003584117192904739	0.0036802277003279123	0.004549225971301082
TWTGCAAATB	1640	0.002869375193551604	0.010229192710679265	0.010372410429915246	0.007433717922020053	0.0070784453207771575	0.00808322537583917	0.011361963750478377	0.007512843266717313	0.008690070010393363	0.01142317782282047	0.00818656321843144	0.0083238298574628	0.010752471433668701
GGGGGCGGGGCC	1632	0.0032545033591978604	0.05913202463149031	0.05928803193419426	0.0609957706828397	0.06063046981268645	0.015467272973181921	0.03270424068312021	0.04159732923103113	0.03774598630322349	0.032749601585336595	0.04237961085518788	0.03930259409343084	0.030013893458963575
GGACCCGCCCCC	1594	0.003178724481961636	0.01373002372008136	0.013712360240935082	0.01487271150358424	0.014716517505875538	0.007314580756768904	0.009259328758616726	0.012054433881189739	0.010571509233428283	0.009260601637192558	0.012088994769462555	0.010791343650502121	0.008886989986492889
STGACGTCACCG	1585	0.0031607768531425303	0.005204439348274856	0.005185063094277319	0.005022810889978777	0.004964839196570735	0.0037832272163334894	0.004664045866334289	0.005800575735998085	0.005108511597691579	0.0046238148482818445	0.005127865105720715	0.005177800967601844	0.005234117376263271
AGGGGGCGCTGT	1499	0.002989277288871074	0.12102833537067148	0.12104311915498764	0.11612602594096122	0.11771539518916779	0.04735407254495347	0.10513827678930901	0.12017162133487977	0.11713787904839726	0.1044619996177214	0.11770158385703057	0.11645304606653474	0.07987474257084286
CCACTAGGGGGC	888	0.0017708327101517772	0.5028894481199788	0.5028920397625228	0.47001225484531295	0.4757748433526056	0.3502939817668442	0.49477483198134603	0.4940442326779062	0.5020371583396862	0.49436239721729686	0.49707913097719325	0.4986503382211005	0.46071907519230243
GTTGCCTAGCAA	799	0.0015933506029406192	0.002642222356936023	0.0026684424951602735	0.002054407268021571	0.0019763047350012165	0.002134014777539102	0.0027816982276423715	0.002107391403069698	0.002219859172737531	0.0027821899469624174	0.002173275387215866	0.0021756198720665515	0.0027315365258388925
RGCCAATCGG	774	0.0013542051218347205	0.005517417946236148	0.005573491550632581	0.004875382353616493	0.004764506909211718	0.0025637327069614703	0.005539701008068067	0.004760020564058931	0.004858107646674873	0.005569433133353381	0.0049376796691823046	0.004875894664035303	0.0046334197921398595
CTCCCCCT	755	0.0011581264428644838	0.012275792973511383	0.012340490763935563	0.01064833905846479	0.010971488801413298	0.010567935136969443	0.01167067357062445	0.011337491389958793	0.013655987009262058	0.011534825007681292	0.01250507324864188	0.012427612425086193	0.011050290303024013
GAGCGCGCGCGC	739	0.0014736997441465803	0.003110391750415027	0.003104713824482755	0.005021254553882143	0.005065258114099177	0.001999717937378555	0.002269158196233664	0.003935849584776873	0.0034063107158843137	0.002273023738595118	0.0037284184025090745	0.0035236472566590733	0.00194101770912852
CACTAGRGGG	636	0.0011127576970114757	0.5140321695874353	0.5136908049587274	0.46447491183621686	0.46386817081287157	0.30965032136476506	0.5054327652126919	0.49920224504854355	0.502662429966473	0.504574031685693	0.5037478044687329	0.4980952170152408	0.462300306864137
ATAACAAAGG	589	0.001030525603049936	0.0029430880377543924	0.0029694449370357874	0.002364487758783777	0.0021723234202271555	0.0023968532188254296	0.0031274731029963684	0.0021269847214217203	0.002390068201807535	0.003134453429032623	0.002305401756294884	0.0022545193039751246	0.0039042677102787016
TGCGCATGCG	430	0.0007523361787970669	0.0024107575588081264	0.002394930715350567	0.0024600286225086076	0.002623488889865507	0.0013235961790203383	0.0016448756112142809	0.0026462669989789347	0.0023853692227873346	0.0016526055985929212	0.0024435886819076155	0.0024945400041645003	0.002399498924187385
CTCGCGAGAT	397	0.0006945987511219432	0.0011083420624633028	0.0011028988364598254	0.0013683212253080958	0.0013762901143302725	0.0009632471878895321	0.0010300184594903767	0.0017795102931379302	0.0014670546060099186	0.001028584001229385	0.0016493295951958706	0.0015291682687032292	0.0010301887894829118
TTGTHATGCAAA	371	0.0007398411435431411	0.010250091385076227	0.010390212480616917	0.006460793714490551	0.005968125992221291	0.005105173262980328	0.011312434820393177	0.005700537505022309	0.007377259636528582	0.01133960651862471	0.006864539681110044	0.006686608778254043	0.010235788478088502
TGASTCAGCH	316	0.0005528796104648213	0.0027939251328337705	0.002850723807430065	0.0015553276379729156	0.0014827042523247423	0.002474025253982529	0.0017580794652314756	0.0014003677061447018	0.0015135299707799569	0.0017535428608137814	0.0014736870581734595	0.0015154744594617238	0.0031957135487804523
CSHCTAGT	305	0.0004678524040710829	0.1670886906971267	0.16785674559663585	0.10679896514631924	0.08031848041401778	0.01953369560592068	0.15189644169290809	0.15107432594533238	0.11163356836068995	0.15027994820435517	0.15339597258896967	0.10380039420086683	0.11451080695804884
CSBCACTTCCGG	297	0.000592271751030493	0.003248743184603145	0.003222839671014029	0.0022005117169938866	0.0023561672688316984	0.0024971453683225544	0.0019313327011492392	0.0026611941634066562	0.002672404140779489	0.0019271375896276993	0.0025108132349371073	0.002725597501948634	0.003725982680552588
RRCCAATSRVVR	253	0.0005045277879148644	0.002456697599953373	0.0024698564183325777	0.002097319384968539	0.0020312916946301	0.000822853460441836	0.0022706737781226956	0.0017999284407816416	0.001786814892912851	0.0023035559268426045	0.0018247468533401114	0.0018008823374266736	0.001817151891807471
CTGCGCATGCGC	210	0.00041877800577913647	0.0024399860658728513	0.002424397430180041	0.0020326505107417085	0.002143637084394197	0.0009083138513751429	0.001515183098633055	0.002333362836568314	0.002040478092250858	0.00151792755028097	0.00209721818446534	0.002152101788856938	0.0026647369192410895
TGCCATGGCAAC	161	0.00032106313776400464	0.003332010020253489	0.0033785207018801203	0.002273630142164568	0.002088089342348799	0.0010339021928579965	0.003711075778289044	0.0021224277300135696	0.002240298159109729	0.003717746292105408	0.0022519631143316384	0.002230638651712362	0.002661393381590592
GTGTGTGT	135	0.0002070822116380203	0.0002133873546707038	0.00021667269048342155	0.00017680871560984163	0.0001762046366540799	0.00021326961601806407	0.00015631300724727038	0.00015503145802196075	0.00015404195480374496	0.000155677737163715	0.00015597333676480377	0.0001544147551474302	0.00036748325782520096
TGACGTCACG	129	0.0002257008536391201	0.0013921327220954502	0.0014076573926433459	0.0012506506712785016	0.001277921948476944	0.0014139154506441773	0.0011947384637858152	0.0013298148679380878	0.0013538702613430209	0.0011601028155246375	0.001258344903303833	0.0013722649866971211	0.0017540421207541692
RATCTCGCGAGA	102	0.00020340645994986628	0.00032951786310596206	0.0003271981436975994	0.0003599117619689678	0.00035195004419548003	0.0003082120831474532	0.00032329158686846834	0.0005810522386117967	0.00046112196604021624	0.00032439671358382497	0.000538779181380637	0.0004777079858875749	0.00033398712337110137
GTCACGTGRCYV	77	0.00015355193545235003	0.00047640271801257974	0.0004768151988297108	0.0004614929610303355	0.0004568268853425293	0.0002914727383084203	0.0005311498793030977	0.0005036173609137886	0.00047673532224658125	0.0005142423707009398	0.000527896940050895	0.0004954985584972694	0.00058671260661082
AARATGGCGGCS	68	0.00013560430663324418	0.019092620649460657	0.018885766138617376	0.017117939023339322	0.0069849347821991994	0.004343082878381423	0.01774473829382502	0.030511112408634182	0.030416109527162144	0.01774984832088706	0.030367742104664766	0.02310403379371654	0.017522994469189944
ACACACACAC	56	9.797866514566453e-05	0.00017477777433559826	0.00018068284332927768	0.00010461503710296538	0.00010462239376700125	0.0001780840633645868	0.00010762897034218844	9.14091454804941e-05	9.205124047136145e-05	0.00010648520278559102	9.358015271937261e-05	9.461057235684763e-05	0.0003767371380098976
GCTTGTGTGTGT	50	9.97090489950325e-05	0.0001670871026410938	0.0001730330166364313	0.00010996526212065311	0.00010841192576388041	0.00013878155463752887	9.32016413036769e-05	8.72377801701988e-05	8.597715132846844e-05	9.326657219116198e-05	8.836008072540161e-05	8.617533687012401e-05	0.0002969107744733724
GGGAAWTGTA	47	8.223209396153988e-05	0.00389475326155279	0.003909085524708589	0.00261130994280764	0.002201128326206311	0.002253149944184823	0.006275687264958706	0.0032698438236433295	0.0030488937443555824	0.006171218515508961	0.004074464837504556	0.0032189467257926763	0.007482498634085991
GGGAATTGTAGT	24	4.78603435176156e-05	0.009653342586257786	0.009730247237864802	0.007040569462978301	0.007579393252214173	0.011555344681757855	0.021769371121335535	0.011425833352383072	0.014492078302648988	0.0215515136279928	0.013823739553341178	0.015464282386923711	0.021243378733818263
CRYGGTGCTGAA	17	3.3901076658311046e-05	0.002522855513001571	0.002472061756378449	0.00187537830051004	0.0018074905049522668	0.008523055509138724	0.002357030015454034	0.002182428579768223	0.0036173860054396715	0.0023712193544386563	0.002847465423363495	0.0036650359376875106	0.0032800293813527222
TATTTTATGTAC	4	7.976723919602599e-06	6.726257332244371e-06	6.9002697075925226e-06	6.963489714895874e-06	6.914301910025771e-06	6.915802655260665e-06	9.117078631866542e-06	6.366000111295403e-06	6.09609689379416e-06	8.941161899599395e-06	6.136124538264201e-06	5.9778960203332985e-06	9.000771910922573e-06
